,0,1,2,3
0,1º,9615,04,Borboleta
1,2º,5249,13,Galo
2,3º,5748,12,Elefante
3,4º,3438,10,Coelho
4,5º,0463,16,Leão
5,6º,9553,14,Gato
6,7º,6274,19,Pavão
7,8º,1443,11,Cavalo
8,9º,5988,22,Tigre
9,10º,7771,18,Porco
10,1º,1462,16,Leão
11,2º,0702,01,Avestruz
12,3º,9187,22,Tigre
13,4º,8406,02,Águia
14,5º,1945,12,Elefante
15,6º,1098,25,Vaca
16,7º,4714,04,Borboleta
17,8º,6080,20,Peru
18,9º,2276,19,Pavão
19,10º,5870,18,Porco
20,1º,0805,02,Águia
21,2º,1807,02,Águia
22,3º,9199,25,Vaca
23,4º,9399,25,Vaca
24,5º,8261,16,Leão
25,6º,0199,25,Vaca
26,7º,8813,04,Borboleta
27,8º,0099,25,Vaca
28,9º,5799,25,Vaca
29,10º,4381,21,Touro
30,1º,7876,19,Pavão
31,2º,0156,14,Gato
32,3º,6014,04,Borboleta
33,4º,2149,13,Galo
34,5º,3664,16,Leão
35,6º,7062,16,Leão
36,7º,8101,01,Avestruz
37,8º,7514,04,Borboleta
38,9º,6649,13,Galo
39,10º,9185,22,Tigre
40,1º,4976,19,Pavão
41,2º,8658,15,Jacaré
42,3º,4519,05,Cachorro
43,4º,3059,15,Jacaré
44,5º,6013,04,Borboleta
45,6º,4843,11,Cavalo
46,7º,9650,13,Galo
47,8º,7515,04,Borboleta
48,9º,6899,25,Vaca
49,10º,6132,08,Camelo
50,1º,9942,11,Cavalo
51,2º,4104,01,Avestruz
52,3º,0630,08,Camelo
53,4º,0672,18,Porco
54,5º,6760,15,Jacaré
55,6º,9400,25,Vaca
56,7º,9166,17,Macaco
57,8º,4037,10,Coelho
58,9º,2402,01,Avestruz
59,10º,7113,04,Borboleta
60,1º,9512,03,Burro
61,2º,6284,21,Touro
62,3º,2127,07,Carneiro
63,4º,0303,01,Avestruz
64,5º,2058,15,Jacaré
65,6º,9620,05,Cachorro
66,7º,5213,04,Borboleta
67,8º,1820,05,Cachorro
68,9º,2473,19,Pavão
69,10º,9410,03,Burro
,0,1,2,3
0,1º,8391,23,Urso
1,2º,8705,02,Águia
2,3º,8328,07,Carneiro
3,4º,6329,08,Camelo
4,5º,6646,12,Elefante
5,6º,8886,22,Tigre
6,7º,3733,09,Cobra
7,8º,9022,06,Cabra
8,9º,1589,23,Urso
9,10º,1629,08,Camelo
10,1º,6073,19,Pavão
11,2º,7396,24,Veado
12,3º,3742,11,Cavalo
13,4º,5797,25,Vaca
14,5º,6092,23,Urso
15,6º,6735,09,Cobra
16,7º,0377,20,Peru
17,8º,7949,13,Galo
18,9º,3627,07,Carneiro
19,10º,7788,22,Tigre
20,1º,3199,25,Vaca
21,2º,9498,25,Vaca
22,3º,1767,17,Macaco
23,4º,1619,05,Cachorro
24,5º,8935,09,Cobra
25,6º,3911,03,Burro
26,7º,1476,19,Pavão
27,8º,9961,16,Leão
28,9º,9879,20,Peru
29,10º,0245,12,Elefante
30,1º,9422,06,Cabra
31,2º,6005,02,Águia
32,3º,0500,25,Vaca
33,4º,1724,06,Cabra
34,5º,0772,18,Porco
35,6º,9601,01,Avestruz
36,7º,4057,15,Jacaré
37,8º,2002,01,Avestruz
38,9º,2504,01,Avestruz
39,10º,6587,22,Tigre
40,1º,7280,20,Peru
41,2º,6746,12,Elefante
42,3º,7147,12,Elefante
43,4º,0739,10,Coelho
44,5º,5546,12,Elefante
45,6º,7670,18,Porco
46,7º,2717,05,Cachorro
47,8º,8443,11,Cavalo
48,9º,0679,20,Peru
49,10º,6967,17,Macaco
50,1º,1630,08,Camelo
51,2º,6500,25,Vaca
52,3º,3680,20,Peru
53,4º,6617,05,Cachorro
54,5º,4300,25,Vaca
55,6º,1636,09,Cobra
56,7º,6566,17,Macaco
57,8º,3081,21,Touro
58,9º,0007,02,Águia
59,10º,4017,05,Cachorro
,0,1,2,3
0,1º,3628,07,Carneiro
1,2º,3096,24,Veado
2,3º,1267,17,Macaco
3,4º,2185,22,Tigre
4,5º,4613,04,Borboleta
5,6º,3312,03,Burro
6,7º,6021,06,Cabra
7,8º,2968,17,Macaco
8,9º,8675,19,Pavão
9,10º,5765,17,Macaco
10,1º,7742,11,Cavalo
11,2º,2374,19,Pavão
12,3º,7872,18,Porco
13,4º,0794,24,Veado
14,5º,2741,11,Cavalo
15,6º,7270,18,Porco
16,7º,7387,22,Tigre
17,8º,4779,20,Peru
18,9º,2424,06,Cabra
19,10º,3383,21,Touro
20,1º,1998,25,Vaca
21,2º,7369,18,Porco
22,3º,6585,22,Tigre
23,4º,7541,11,Cavalo
24,5º,3430,08,Camelo
25,6º,1767,17,Macaco
26,7º,9355,14,Gato
27,8º,9684,21,Touro
28,9º,8951,13,Galo
29,10º,6680,20,Peru
30,1º,4353,14,Gato
31,2º,9632,08,Camelo
32,3º,5207,02,Águia
33,4º,8661,16,Leão
34,5º,6767,17,Macaco
35,6º,4958,15,Jacaré
36,7º,3626,07,Carneiro
37,8º,5306,02,Águia
38,9º,3271,18,Porco
39,10º,1781,21,Touro
40,1º,2356,14,Gato
41,2º,9127,07,Carneiro
42,3º,0750,13,Galo
43,4º,6820,05,Cachorro
44,5º,9820,05,Cachorro
45,6º,2906,02,Águia
46,7º,3178,20,Peru
47,8º,5252,13,Galo
48,9º,6700,25,Vaca
49,10º,6909,03,Burro
50,1º,0460,15,Jacaré
51,2º,0011,03,Burro
52,3º,9963,16,Leão
53,4º,4061,16,Leão
54,5º,3491,23,Urso
55,6º,0094,24,Veado
56,7º,4090,23,Urso
57,8º,6166,17,Macaco
58,9º,0131,08,Camelo
59,10º,8467,17,Macaco
60,1º,1693,24,Veado
61,2º,7998,25,Vaca
62,3º,9858,15,Jacaré
63,4º,4283,21,Touro
64,5º,5985,22,Tigre
65,6º,1794,24,Veado
66,7º,6982,21,Touro
67,8º,9958,15,Jacaré
68,9º,3883,21,Touro
69,10º,2434,09,Cobra
,0,1,2,3
0,1º,8411,03,Burro
1,2º,9187,22,Tigre
2,3º,3620,05,Cachorro
3,4º,1189,23,Urso
4,5º,4504,01,Avestruz
5,6º,8931,08,Camelo
6,7º,4161,16,Leão
7,8º,1828,07,Carneiro
8,9º,1709,03,Burro
9,10º,3540,10,Coelho
10,1º,7665,17,Macaco
11,2º,2462,16,Leão
12,3º,0229,08,Camelo
13,4º,0091,23,Urso
14,5º,3496,24,Veado
15,6º,7200,25,Vaca
16,7º,6420,05,Cachorro
17,8º,6629,08,Camelo
18,9º,5291,23,Urso
19,10º,9483,21,Touro
20,1º,9134,09,Cobra
21,2º,7547,12,Elefante
22,3º,6733,09,Cobra
23,4º,6991,23,Urso
24,5º,6677,20,Peru
25,6º,9766,17,Macaco
26,7º,1579,20,Peru
27,8º,3439,10,Coelho
28,9º,4731,08,Camelo
29,10º,6597,25,Vaca
,0,1,2,3
0,1º,4787,22,Tigre
1,2º,2504,01,Avestruz
2,3º,3714,04,Borboleta
3,4º,3042,11,Cavalo
4,5º,4753,14,Gato
5,6º,4233,09,Cobra
6,7º,7570,18,Porco
7,8º,8014,04,Borboleta
8,9º,7442,11,Cavalo
9,10º,6059,15,Jacaré
10,1º,5395,24,Veado
11,2º,1510,03,Burro
12,3º,5630,08,Camelo
13,4º,6945,12,Elefante
14,5º,1690,23,Urso
15,6º,5156,14,Gato
16,7º,3569,18,Porco
17,8º,9134,09,Cobra
18,9º,5005,02,Águia
19,10º,4034,09,Cobra
20,1º,2705,02,Águia
21,2º,1416,04,Borboleta
22,3º,7864,16,Leão
23,4º,4610,03,Burro
24,5º,2265,17,Macaco
25,6º,2174,19,Pavão
26,7º,7486,22,Tigre
27,8º,0161,16,Leão
28,9º,5640,10,Coelho
29,10º,4321,06,Cabra
30,1º,5820,05,Cachorro
31,2º,5039,10,Coelho
32,3º,5502,01,Avestruz
33,4º,9427,07,Carneiro
34,5º,3774,19,Pavão
35,6º,5559,15,Jacaré
36,7º,8054,14,Gato
37,8º,2302,01,Avestruz
38,9º,0927,07,Carneiro
39,10º,6404,01,Avestruz
40,1º,4891,23,Urso
41,2º,3884,21,Touro
42,3º,9477,20,Peru
43,4º,2120,05,Cachorro
44,5º,5957,15,Jacaré
45,6º,4392,23,Urso
46,7º,8841,11,Cavalo
47,8º,9872,18,Porco
48,9º,1470,18,Porco
49,10º,0904,01,Avestruz
50,1º,9377,20,Peru
51,2º,7980,20,Peru
52,3º,3627,07,Carneiro
53,4º,6243,11,Cavalo
54,5º,1415,04,Borboleta
55,6º,9736,09,Cobra
56,7º,3962,16,Leão
57,8º,7824,06,Cabra
58,9º,7073,19,Pavão
59,10º,7237,10,Coelho
,0,1,2,3
0,1º,4432,08,Camelo
1,2º,2016,04,Borboleta
2,3º,3798,25,Vaca
3,4º,3124,06,Cabra
4,5º,5421,06,Cabra
5,6º,4233,09,Cobra
6,7º,4071,18,Porco
7,8º,3192,23,Urso
8,9º,2684,21,Touro
9,10º,2971,18,Porco
10,1º,3938,10,Coelho
11,2º,5149,13,Galo
12,3º,9728,07,Carneiro
13,4º,2350,13,Galo
14,5º,7778,20,Peru
15,6º,3592,23,Urso
16,7º,9173,19,Pavão
17,8º,3425,07,Carneiro
18,9º,8980,20,Peru
19,10º,4113,04,Borboleta
20,1º,5910,03,Burro
21,2º,5460,15,Jacaré
22,3º,8807,02,Águia
23,4º,6203,01,Avestruz
24,5º,7435,09,Cobra
25,6º,5586,22,Tigre
26,7º,9482,21,Touro
27,8º,1600,25,Vaca
28,9º,0073,19,Pavão
29,10º,0556,14,Gato
30,1º,5917,05,Cachorro
31,2º,4299,25,Vaca
32,3º,7983,21,Touro
33,4º,3152,13,Galo
34,5º,3445,12,Elefante
35,6º,5473,19,Pavão
36,7º,9291,23,Urso
37,8º,1985,22,Tigre
38,9º,7932,08,Camelo
39,10º,9477,20,Peru
40,1º,3002,01,Avestruz
41,2º,4458,15,Jacaré
42,3º,2583,21,Touro
43,4º,3862,16,Leão
44,5º,8938,10,Coelho
45,6º,3423,06,Cabra
46,7º,0458,15,Jacaré
47,8º,0586,22,Tigre
48,9º,2832,08,Camelo
49,10º,0142,11,Cavalo
50,1º,2760,15,Jacaré
51,2º,4994,24,Veado
52,3º,2332,08,Camelo
53,4º,5813,04,Borboleta
54,5º,1214,04,Borboleta
55,6º,2425,07,Carneiro
56,7º,7938,10,Coelho
57,8º,6931,08,Camelo
58,9º,0423,06,Cabra
59,10º,4830,08,Camelo
,0,1,2,3
0,1º,2487,22,Tigre
1,2º,6665,17,Macaco
2,3º,7722,06,Cabra
3,4º,8831,08,Camelo
4,5º,4589,23,Urso
5,6º,2678,20,Peru
6,7º,4678,20,Peru
7,8º,8623,06,Cabra
8,9º,7521,06,Cabra
9,10º,3794,24,Veado
10,1º,0634,09,Cobra
11,2º,4741,11,Cavalo
12,3º,2731,08,Camelo
13,4º,3146,12,Elefante
14,5º,2465,17,Macaco
15,6º,0423,06,Cabra
16,7º,6771,18,Porco
17,8º,3434,09,Cobra
18,9º,4116,04,Borboleta
19,10º,8461,16,Leão
20,1º,8749,13,Galo
21,2º,2656,14,Gato
22,3º,1206,02,Águia
23,4º,0722,06,Cabra
24,5º,9111,03,Burro
25,6º,8210,03,Burro
26,7º,7627,07,Carneiro
27,8º,4502,01,Avestruz
28,9º,9662,16,Leão
29,10º,2445,12,Elefante
30,1º,9092,23,Urso
31,2º,6224,06,Cabra
32,3º,3807,02,Águia
33,4º,2604,01,Avestruz
34,5º,8932,08,Camelo
35,6º,9632,08,Camelo
36,7º,0286,22,Tigre
37,8º,9200,25,Vaca
38,9º,2474,19,Pavão
39,10º,2251,13,Galo
40,1º,9233,09,Cobra
41,2º,1498,25,Vaca
42,3º,7647,12,Elefante
43,4º,8167,17,Macaco
44,5º,4784,21,Touro
45,6º,9178,20,Peru
46,7º,2461,16,Leão
47,8º,3946,12,Elefante
48,9º,3877,20,Peru
49,10º,0791,23,Urso
50,1º,7081,21,Touro
51,2º,7846,12,Elefante
52,3º,1907,02,Águia
53,4º,3267,17,Macaco
54,5º,7231,08,Camelo
55,6º,7713,04,Borboleta
56,7º,0892,23,Urso
57,8º,8406,02,Águia
58,9º,1677,20,Peru
59,10º,6020,05,Cachorro
60,1º,3602,01,Avestruz
61,2º,4559,15,Jacaré
62,3º,4052,13,Galo
63,4º,2295,24,Veado
64,5º,7368,17,Macaco
65,6º,3442,11,Cavalo
66,7º,6502,01,Avestruz
67,8º,0559,15,Jacaré
68,9º,2925,07,Carneiro
69,10º,5304,01,Avestruz
,0,1,2,3
0,1º,5017,05,Cachorro
1,2º,4714,04,Borboleta
2,3º,6511,03,Burro
3,4º,3080,20,Peru
4,5º,4978,20,Peru
5,6º,5463,16,Leão
6,7º,0750,13,Galo
7,8º,1118,05,Cachorro
8,9º,7410,03,Burro
9,10º,9041,11,Cavalo
10,1º,1150,13,Galo
11,2º,4314,04,Borboleta
12,3º,7945,12,Elefante
13,4º,9137,10,Coelho
14,5º,8627,07,Carneiro
15,6º,1479,20,Peru
16,7º,1391,23,Urso
17,8º,5143,11,Cavalo
18,9º,0457,15,Jacaré
19,10º,9643,11,Cavalo
20,1º,4453,14,Gato
21,2º,2235,09,Cobra
22,3º,4326,07,Carneiro
23,4º,9273,19,Pavão
24,5º,9628,07,Carneiro
25,6º,4249,13,Galo
26,7º,4232,08,Camelo
27,8º,5327,07,Carneiro
28,9º,3563,16,Leão
29,10º,7286,22,Tigre
30,1º,2293,24,Veado
31,2º,4560,15,Jacaré
32,3º,2502,01,Avestruz
33,4º,7492,23,Urso
34,5º,4508,02,Águia
35,6º,2427,07,Carneiro
36,7º,2554,14,Gato
37,8º,9609,03,Burro
38,9º,3022,06,Cabra
39,10º,8967,17,Macaco
40,1º,6386,22,Tigre
41,2º,2635,09,Cobra
42,3º,2198,25,Vaca
43,4º,4165,17,Macaco
44,5º,8183,21,Touro
45,6º,6224,06,Cabra
46,7º,3611,03,Burro
47,8º,8396,24,Veado
48,9º,6585,22,Tigre
49,10º,8383,21,Touro
50,1º,4739,10,Coelho
51,2º,0997,25,Vaca
52,3º,1037,10,Coelho
53,4º,2468,17,Macaco
54,5º,5425,07,Carneiro
55,6º,4012,03,Burro
56,7º,7904,01,Avestruz
57,8º,3936,09,Cobra
58,9º,9778,20,Peru
59,10º,0296,24,Veado
,0,1,2,3
0,1º,7861,16,Leão
1,2º,9656,14,Gato
2,3º,1597,25,Vaca
3,4º,8965,17,Macaco
4,5º,7646,12,Elefante
5,6º,7918,05,Cachorro
6,7º,8659,15,Jacaré
7,8º,6596,24,Veado
8,9º,1675,19,Pavão
9,10º,0573,19,Pavão
10,1º,1107,02,Águia
11,2º,7265,17,Macaco
12,3º,5575,19,Pavão
13,4º,5137,10,Coelho
14,5º,7009,03,Burro
15,6º,1755,14,Gato
16,7º,1251,13,Galo
17,8º,0673,19,Pavão
18,9º,7557,15,Jacaré
19,10º,7329,08,Camelo
20,1º,1720,05,Cachorro
21,2º,0480,20,Peru
22,3º,8086,22,Tigre
23,4º,4352,13,Galo
24,5º,8564,16,Leão
25,6º,1084,21,Touro
26,7º,7403,01,Avestruz
27,8º,2885,22,Tigre
28,9º,0062,16,Leão
29,10º,4636,09,Cobra
30,1º,7279,20,Peru
31,2º,1550,13,Galo
32,3º,6315,04,Borboleta
33,4º,3213,04,Borboleta
34,5º,8004,01,Avestruz
35,6º,7163,16,Leão
36,7º,2532,08,Camelo
37,8º,7511,03,Burro
38,9º,9053,14,Gato
39,10º,2620,05,Cachorro
40,1º,3133,09,Cobra
41,2º,2781,21,Touro
42,3º,1699,25,Vaca
43,4º,2504,01,Avestruz
44,5º,3138,10,Coelho
45,6º,3212,03,Burro
46,7º,1765,17,Macaco
47,8º,3890,23,Urso
48,9º,3194,24,Veado
49,10º,5316,04,Borboleta
50,1º,1137,10,Coelho
51,2º,8880,20,Peru
52,3º,8303,01,Avestruz
53,4º,1346,12,Elefante
54,5º,5030,08,Camelo
55,6º,1881,21,Touro
56,7º,1833,09,Cobra
57,8º,3804,01,Avestruz
58,9º,7036,09,Cobra
59,10º,9250,13,Galo
,0,1,2,3
0,1º,5070,18,Porco
1,2º,8274,19,Pavão
2,3º,4029,08,Camelo
3,4º,1820,05,Cachorro
4,5º,6175,19,Pavão
5,6º,5841,11,Cavalo
6,7º,0208,02,Águia
7,8º,7722,06,Cabra
8,9º,0490,23,Urso
9,10º,9629,08,Camelo
10,1º,3192,23,Urso
11,2º,8265,17,Macaco
12,3º,2931,08,Camelo
13,4º,5150,13,Galo
14,5º,6158,15,Jacaré
15,6º,3825,07,Carneiro
16,7º,1291,23,Urso
17,8º,9635,09,Cobra
18,9º,2510,03,Burro
19,10º,2957,15,Jacaré
20,1º,9856,14,Gato
21,2º,1098,25,Vaca
22,3º,8127,07,Carneiro
23,4º,7696,24,Veado
24,5º,1953,14,Gato
25,6º,9187,22,Tigre
26,7º,8016,04,Borboleta
27,8º,5929,08,Camelo
28,9º,6876,19,Pavão
29,10º,8738,10,Coelho
30,1º,4026,07,Carneiro
31,2º,1118,05,Cachorro
32,3º,6151,13,Galo
33,4º,8390,23,Urso
34,5º,4049,13,Galo
35,6º,4168,17,Macaco
36,7º,0113,04,Borboleta
37,8º,2159,15,Jacaré
38,9º,6810,03,Burro
39,10º,6984,21,Touro
40,1º,8123,06,Cabra
41,2º,6982,21,Touro
42,3º,8829,08,Camelo
43,4º,8335,09,Cobra
44,5º,8733,09,Cobra
45,6º,8688,22,Tigre
46,7º,1983,21,Touro
47,8º,2823,06,Cabra
48,9º,3295,24,Veado
49,10º,7791,23,Urso
50,1º,9186,22,Tigre
51,2º,7123,06,Cabra
52,3º,4821,06,Cabra
53,4º,4002,01,Avestruz
54,5º,9085,22,Tigre
55,6º,9744,11,Cavalo
56,7º,1180,20,Peru
57,8º,8220,05,Cachorro
58,9º,6312,03,Burro
59,10º,9673,19,Pavão
60,1º,2793,24,Veado
61,2º,0730,08,Camelo
62,3º,5019,05,Cachorro
63,4º,2130,08,Camelo
64,5º,3314,04,Borboleta
65,6º,2052,13,Galo
66,7º,7701,01,Avestruz
67,8º,9313,04,Borboleta
68,9º,3090,23,Urso
69,10º,6142,11,Cavalo
,0,1,2,3
0,1º,7460,15,Jacaré
1,2º,3098,25,Vaca
2,3º,3138,10,Coelho
3,4º,7661,16,Leão
4,5º,0437,10,Coelho
5,6º,7337,10,Coelho
6,7º,4016,04,Borboleta
7,8º,6936,09,Cobra
8,9º,0881,21,Touro
9,10º,0964,16,Leão
10,1º,9300,25,Vaca
11,2º,8058,15,Jacaré
12,3º,6255,14,Gato
13,4º,8987,22,Tigre
14,5º,2977,20,Peru
15,6º,9868,17,Macaco
16,7º,3029,08,Camelo
17,8º,0558,15,Jacaré
18,9º,0857,15,Jacaré
19,10º,9889,23,Urso
20,1º,5132,08,Camelo
21,2º,7468,17,Macaco
22,3º,2813,04,Borboleta
23,4º,2353,14,Gato
24,5º,9097,25,Vaca
25,6º,5722,06,Cabra
26,7º,1483,21,Touro
27,8º,3615,04,Borboleta
28,9º,2833,09,Cobra
29,10º,0516,04,Borboleta
,0,1,2,3
0,1º,7209,03,Burro
1,2º,2565,17,Macaco
2,3º,1299,25,Vaca
3,4º,1360,15,Jacaré
4,5º,4443,11,Cavalo
5,6º,7211,03,Burro
6,7º,2523,06,Cabra
7,8º,0696,24,Veado
8,9º,9590,23,Urso
9,10º,6896,24,Veado
10,1º,2731,08,Camelo
11,2º,8861,16,Leão
12,3º,9426,07,Carneiro
13,4º,0708,02,Águia
14,5º,1968,17,Macaco
15,6º,2890,23,Urso
16,7º,7847,12,Elefante
17,8º,3620,05,Cachorro
18,9º,1168,17,Macaco
19,10º,9219,05,Cachorro
20,1º,0642,11,Cavalo
21,2º,1047,12,Elefante
22,3º,6844,11,Cavalo
23,4º,7467,17,Macaco
24,5º,7824,06,Cabra
25,6º,0167,17,Macaco
26,7º,6084,21,Touro
27,8º,4446,12,Elefante
28,9º,2747,12,Elefante
29,10º,7268,17,Macaco
30,1º,3334,09,Cobra
31,2º,7249,13,Galo
32,3º,5074,19,Pavão
33,4º,8386,22,Tigre
34,5º,1734,09,Cobra
35,6º,3758,15,Jacaré
36,7º,3203,01,Avestruz
37,8º,3478,20,Peru
38,9º,4946,12,Elefante
39,10º,1162,16,Leão
40,1º,3024,06,Cabra
41,2º,2796,24,Veado
42,3º,5849,13,Galo
43,4º,2291,23,Urso
44,5º,1656,14,Gato
45,6º,3252,13,Galo
46,7º,0782,21,Touro
47,8º,2949,13,Galo
48,9º,4691,23,Urso
49,10º,7290,23,Urso
50,1º,7699,25,Vaca
51,2º,7775,19,Pavão
52,3º,0181,21,Touro
53,4º,4182,21,Touro
54,5º,1779,20,Peru
55,6º,7704,01,Avestruz
56,7º,6711,03,Burro
57,8º,9788,22,Tigre
58,9º,9512,03,Burro
59,10º,5331,08,Camelo
,0,1,2,3
0,1º,3696,24,Veado
1,2º,4557,15,Jacaré
2,3º,8828,07,Carneiro
3,4º,2099,25,Vaca
4,5º,9548,12,Elefante
5,6º,3482,21,Touro
6,7º,6580,20,Peru
7,8º,9529,08,Camelo
8,9º,6789,23,Urso
9,10º,5108,02,Águia
10,1º,1308,02,Águia
11,2º,6851,13,Galo
12,3º,6278,20,Peru
13,4º,9722,06,Cabra
14,5º,7010,03,Burro
15,6º,1669,18,Porco
16,7º,3827,07,Carneiro
17,8º,0572,18,Porco
18,9º,8182,21,Touro
19,10º,5419,05,Cachorro
20,1º,2373,19,Pavão
21,2º,2598,25,Vaca
22,3º,2844,11,Cavalo
23,4º,2004,01,Avestruz
24,5º,6490,23,Urso
25,6º,2222,06,Cabra
26,7º,3580,20,Peru
27,8º,7940,10,Coelho
28,9º,3844,11,Cavalo
29,10º,3895,24,Veado
30,1º,7091,23,Urso
31,2º,0554,14,Gato
32,3º,3773,19,Pavão
33,4º,6917,05,Cachorro
34,5º,7037,10,Coelho
35,6º,7036,09,Cobra
36,7º,0579,20,Peru
37,8º,9571,18,Porco
38,9º,1437,10,Coelho
39,10º,3995,24,Veado
40,1º,5489,23,Urso
41,2º,1499,25,Vaca
42,3º,8602,01,Avestruz
43,4º,8662,16,Leão
44,5º,0324,06,Cabra
45,6º,5188,22,Tigre
46,7º,4466,17,Macaco
47,8º,8906,02,Águia
48,9º,9922,06,Cabra
49,10º,3058,15,Jacaré
50,1º,6779,20,Peru
51,2º,9601,01,Avestruz
52,3º,2433,09,Cobra
53,4º,4650,13,Galo
54,5º,2249,13,Galo
55,6º,6924,06,Cabra
56,7º,7646,12,Elefante
57,8º,7035,09,Cobra
58,9º,9130,08,Camelo
59,10º,6447,12,Elefante
,0,1,2,3
0,1º,0271,18,Porco
1,2º,1613,04,Borboleta
2,3º,9410,03,Burro
3,4º,8469,18,Porco
4,5º,8956,14,Gato
5,6º,0198,25,Vaca
6,7º,2644,11,Cavalo
7,8º,7116,04,Borboleta
8,9º,1309,03,Burro
9,10º,9986,22,Tigre
10,1º,1387,22,Tigre
11,2º,1276,19,Pavão
12,3º,9718,05,Cachorro
13,4º,2888,22,Tigre
14,5º,5447,12,Elefante
15,6º,1192,23,Urso
16,7º,3278,20,Peru
17,8º,8718,05,Cachorro
18,9º,7688,22,Tigre
19,10º,1592,23,Urso
20,1º,3712,03,Burro
21,2º,1551,13,Galo
22,3º,0613,04,Borboleta
23,4º,5733,09,Cobra
24,5º,8237,10,Coelho
25,6º,3105,02,Águia
26,7º,7567,17,Macaco
27,8º,1513,04,Borboleta
28,9º,2133,09,Cobra
29,10º,4164,16,Leão
30,1º,9588,22,Tigre
31,2º,1132,08,Camelo
32,3º,3757,15,Jacaré
33,4º,9111,03,Burro
34,5º,0997,25,Vaca
35,6º,9139,10,Coelho
36,7º,5171,18,Porco
37,8º,8351,13,Galo
38,9º,8271,18,Porco
39,10º,5517,05,Cachorro
40,1º,4402,01,Avestruz
41,2º,2138,10,Coelho
42,3º,3323,06,Cabra
43,4º,4480,20,Peru
44,5º,3065,17,Macaco
45,6º,4234,09,Cobra
46,7º,4134,09,Cobra
47,8º,0328,07,Carneiro
48,9º,2830,08,Camelo
49,10º,8934,09,Cobra
50,1º,4546,12,Elefante
51,2º,0522,06,Cabra
52,3º,7133,09,Cobra
53,4º,1466,17,Macaco
54,5º,0120,05,Cachorro
55,6º,4071,18,Porco
56,7º,5514,04,Borboleta
57,8º,4236,09,Cobra
58,9º,6236,09,Cobra
59,10º,3844,11,Cavalo
,0,1,2,3
0,1º,0271,18,Porco
1,2º,1613,04,Borboleta
2,3º,9410,03,Burro
3,4º,8469,18,Porco
4,5º,8956,14,Gato
5,6º,0198,25,Vaca
6,7º,2644,11,Cavalo
7,8º,7116,04,Borboleta
8,9º,1309,03,Burro
9,10º,9986,22,Tigre
10,1º,1387,22,Tigre
11,2º,1276,19,Pavão
12,3º,9718,05,Cachorro
13,4º,2888,22,Tigre
14,5º,5447,12,Elefante
15,6º,1192,23,Urso
16,7º,3278,20,Peru
17,8º,8718,05,Cachorro
18,9º,7688,22,Tigre
19,10º,1592,23,Urso
20,1º,3712,03,Burro
21,2º,1551,13,Galo
22,3º,0613,04,Borboleta
23,4º,5733,09,Cobra
24,5º,8237,10,Coelho
25,6º,3105,02,Águia
26,7º,7567,17,Macaco
27,8º,1513,04,Borboleta
28,9º,2133,09,Cobra
29,10º,4164,16,Leão
30,1º,9588,22,Tigre
31,2º,1132,08,Camelo
32,3º,3757,15,Jacaré
33,4º,9111,03,Burro
34,5º,0997,25,Vaca
35,6º,9139,10,Coelho
36,7º,5171,18,Porco
37,8º,8351,13,Galo
38,9º,8271,18,Porco
39,10º,5517,05,Cachorro
40,1º,4402,01,Avestruz
41,2º,2138,10,Coelho
42,3º,3323,06,Cabra
43,4º,4480,20,Peru
44,5º,3065,17,Macaco
45,6º,4234,09,Cobra
46,7º,4134,09,Cobra
47,8º,0328,07,Carneiro
48,9º,2830,08,Camelo
49,10º,8934,09,Cobra
50,1º,4546,12,Elefante
51,2º,0522,06,Cabra
52,3º,7133,09,Cobra
53,4º,1466,17,Macaco
54,5º,0120,05,Cachorro
55,6º,4071,18,Porco
56,7º,5514,04,Borboleta
57,8º,4236,09,Cobra
58,9º,6236,09,Cobra
59,10º,3844,11,Cavalo
,0,1,2,3
0,1º,6673,19,Pavão
1,2º,7434,09,Cobra
2,3º,7248,12,Elefante
3,4º,6270,18,Porco
4,5º,8490,23,Urso
5,6º,6776,19,Pavão
6,7º,6422,06,Cabra
7,8º,7347,12,Elefante
8,9º,3480,20,Peru
9,10º,0140,10,Coelho
10,1º,3907,02,Águia
11,2º,5778,20,Peru
12,3º,2195,24,Veado
13,4º,2301,01,Avestruz
14,5º,1305,02,Águia
15,6º,3522,06,Cabra
16,7º,9713,04,Borboleta
17,8º,0790,23,Urso
18,9º,7851,13,Galo
19,10º,7362,16,Leão
20,1º,1860,15,Jacaré
21,2º,8404,01,Avestruz
22,3º,3616,04,Borboleta
23,4º,9291,23,Urso
24,5º,3225,07,Carneiro
25,6º,1839,10,Coelho
26,7º,8462,16,Leão
27,8º,6019,05,Cachorro
28,9º,0461,16,Leão
29,10º,3177,20,Peru
30,1º,7440,10,Coelho
31,2º,0110,03,Burro
32,3º,2295,24,Veado
33,4º,8618,05,Cachorro
34,5º,6022,06,Cabra
35,6º,7028,07,Carneiro
36,7º,4126,07,Carneiro
37,8º,4191,23,Urso
38,9º,0058,15,Jacaré
39,10º,9888,22,Tigre
40,1º,1629,08,Camelo
41,2º,2995,24,Veado
42,3º,6127,07,Carneiro
43,4º,7234,09,Cobra
44,5º,1124,06,Cabra
45,6º,1267,17,Macaco
46,7º,6912,03,Burro
47,8º,2923,06,Cabra
48,9º,9574,19,Pavão
49,10º,9785,22,Tigre
50,1º,9985,22,Tigre
51,2º,9598,25,Vaca
52,3º,2596,24,Veado
53,4º,3347,12,Elefante
54,5º,6852,13,Galo
55,6º,9923,06,Cabra
56,7º,9553,14,Gato
57,8º,8994,24,Veado
58,9º,5867,17,Macaco
59,10º,6715,04,Borboleta
60,1º,4745,12,Elefante
61,2º,5781,21,Touro
62,3º,2947,12,Elefante
63,4º,1193,24,Veado
64,5º,6599,25,Vaca
65,6º,4521,06,Cabra
66,7º,7791,23,Urso
67,8º,4849,13,Galo
68,9º,5173,19,Pavão
69,10º,3599,25,Vaca
,0,1,2,3
0,1º,9846,12,Elefante
1,2º,5802,01,Avestruz
2,3º,5741,11,Cavalo
3,4º,2481,21,Touro
4,5º,3824,06,Cabra
5,6º,9552,13,Galo
6,7º,8874,19,Pavão
7,8º,4048,12,Elefante
8,9º,6211,03,Burro
9,10º,6379,20,Peru
10,1º,9169,18,Porco
11,2º,6801,01,Avestruz
12,3º,9038,10,Coelho
13,4º,6448,12,Elefante
14,5º,7539,10,Coelho
15,6º,9696,24,Veado
16,7º,1804,01,Avestruz
17,8º,6034,09,Cobra
18,9º,9188,22,Tigre
19,10º,5717,05,Cachorro
20,1º,7343,11,Cavalo
21,2º,9063,16,Leão
22,3º,1275,19,Pavão
23,4º,7493,24,Veado
24,5º,1919,05,Cachorro
25,6º,7917,05,Cachorro
26,7º,3024,06,Cabra
27,8º,4679,20,Peru
28,9º,3353,14,Gato
29,10º,6066,17,Macaco
30,1º,0541,11,Cavalo
31,2º,0189,23,Urso
32,3º,9385,22,Tigre
33,4º,2575,19,Pavão
34,5º,7667,17,Macaco
35,6º,0092,23,Urso
36,7º,5135,09,Cobra
37,8º,4887,22,Tigre
38,9º,1955,14,Gato
39,10º,2426,07,Carneiro
40,1º,2794,24,Veado
41,2º,6902,01,Avestruz
42,3º,6939,10,Coelho
43,4º,8681,21,Touro
44,5º,2435,09,Cobra
45,6º,2668,17,Macaco
46,7º,7996,24,Veado
47,8º,9038,10,Coelho
48,9º,4291,23,Urso
49,10º,1744,11,Cavalo
50,1º,8990,23,Urso
51,2º,5826,07,Carneiro
52,3º,3868,17,Macaco
53,4º,1085,22,Tigre
54,5º,0053,14,Gato
55,6º,8531,08,Camelo
56,7º,9880,20,Peru
57,8º,9268,17,Macaco
58,9º,0685,22,Tigre
59,10º,8186,22,Tigre
,0,1,2,3
0,1º,1350,13,Galo
1,2º,7392,23,Urso
2,3º,6890,23,Urso
3,4º,8026,07,Carneiro
4,5º,5312,03,Burro
5,6º,1768,17,Macaco
6,7º,3380,20,Peru
7,8º,5992,23,Urso
8,9º,0206,02,Águia
9,10º,0316,04,Borboleta
10,1º,9319,05,Cachorro
11,2º,6031,08,Camelo
12,3º,0882,21,Touro
13,4º,3463,16,Leão
14,5º,3306,02,Águia
15,6º,9603,01,Avestruz
16,7º,3084,21,Touro
17,8º,1386,22,Tigre
18,9º,9123,06,Cabra
19,10º,6197,25,Vaca
20,1º,4261,16,Leão
21,2º,7240,10,Coelho
22,3º,3407,02,Águia
23,4º,3641,11,Cavalo
24,5º,3477,20,Peru
25,6º,4733,09,Cobra
26,7º,2246,12,Elefante
27,8º,6404,01,Avestruz
28,9º,1071,18,Porco
29,10º,6480,20,Peru
30,1º,4729,08,Camelo
31,2º,8685,22,Tigre
32,3º,7950,13,Galo
33,4º,1214,04,Borboleta
34,5º,7531,08,Camelo
35,6º,4871,18,Porco
36,7º,7692,23,Urso
37,8º,2851,13,Galo
38,9º,9504,01,Avestruz
39,10º,5027,07,Carneiro
40,1º,3381,21,Touro
41,2º,3796,24,Veado
42,3º,6957,15,Jacaré
43,4º,9637,10,Coelho
44,5º,7342,11,Cavalo
45,6º,3369,18,Porco
46,7º,3796,24,Veado
47,8º,8953,14,Gato
48,9º,1677,20,Peru
49,10º,8908,02,Águia
50,1º,7215,04,Borboleta
51,2º,9999,25,Vaca
52,3º,2184,21,Touro
53,4º,9947,12,Elefante
54,5º,4954,14,Gato
55,6º,7929,08,Camelo
56,7º,2919,05,Cachorro
57,8º,1984,21,Touro
58,9º,5947,12,Elefante
59,10º,3078,20,Peru
,0,1,2,3
0,1º,4854,14,Gato
1,2º,7709,03,Burro
2,3º,2606,02,Águia
3,4º,5397,25,Vaca
4,5º,6597,25,Vaca
5,6º,4725,07,Carneiro
6,7º,8763,16,Leão
7,8º,5009,03,Burro
8,9º,4967,17,Macaco
9,10º,0627,07,Carneiro
10,1º,9475,19,Pavão
11,2º,0928,07,Carneiro
12,3º,0116,04,Borboleta
13,4º,3836,09,Cobra
14,5º,2978,20,Peru
15,6º,9003,01,Avestruz
16,7º,4918,05,Cachorro
17,8º,7213,04,Borboleta
18,9º,5866,17,Macaco
19,10º,4333,09,Cobra
20,1º,1740,10,Coelho
21,2º,6875,19,Pavão
22,3º,0285,22,Tigre
23,4º,8723,06,Cabra
24,5º,2785,22,Tigre
25,6º,1608,02,Águia
26,7º,7827,07,Carneiro
27,8º,4782,21,Touro
28,9º,0553,14,Gato
29,10º,5178,20,Peru
30,1º,4376,19,Pavão
31,2º,9431,08,Camelo
32,3º,1248,12,Elefante
33,4º,0552,13,Galo
34,5º,4356,14,Gato
35,6º,4910,03,Burro
36,7º,3425,07,Carneiro
37,8º,7345,12,Elefante
38,9º,6182,21,Touro
39,10º,1825,07,Carneiro
40,1º,7109,03,Burro
41,2º,9883,21,Touro
42,3º,3989,23,Urso
43,4º,2367,17,Macaco
44,5º,8040,10,Coelho
45,6º,7932,08,Camelo
46,7º,1893,24,Veado
47,8º,0886,22,Tigre
48,9º,9397,25,Vaca
49,10º,1496,24,Veado
50,1º,2289,23,Urso
51,2º,1701,01,Avestruz
52,3º,6871,18,Porco
53,4º,7046,12,Elefante
54,5º,9018,05,Cachorro
55,6º,2167,17,Macaco
56,7º,2780,20,Peru
57,8º,8074,19,Pavão
58,9º,9116,04,Borboleta
59,10º,9062,16,Leão
60,1º,0680,20,Peru
61,2º,6953,14,Gato
62,3º,7960,15,Jacaré
63,4º,2716,04,Borboleta
64,5º,0379,20,Peru
65,6º,0672,18,Porco
66,7º,6997,25,Vaca
67,8º,8561,16,Leão
68,9º,0306,02,Águia
69,10º,5224,06,Cabra
,0,1,2,3
0,1º,2592,23,Urso
1,2º,8855,14,Gato
2,3º,6555,14,Gato
3,4º,4442,11,Cavalo
4,5º,0953,14,Gato
5,6º,2864,16,Leão
6,7º,5854,14,Gato
7,8º,9554,14,Gato
8,9º,2552,13,Galo
9,10º,4221,06,Cabra
10,1º,0967,17,Macaco
11,2º,1310,03,Burro
12,3º,3162,16,Leão
13,4º,8079,20,Peru
14,5º,7389,23,Urso
15,6º,0138,10,Coelho
16,7º,9310,03,Burro
17,8º,6167,17,Macaco
18,9º,7029,08,Camelo
19,10º,3551,13,Galo
20,1º,5356,14,Gato
21,2º,1422,06,Cabra
22,3º,8473,19,Pavão
23,4º,0929,08,Camelo
24,5º,5722,06,Cabra
25,6º,5180,20,Peru
26,7º,3449,13,Galo
27,8º,5272,18,Porco
28,9º,6239,10,Coelho
29,10º,2042,11,Cavalo
,0,1,2,3
0,1º,6549,13,Galo
1,2º,5120,05,Cachorro
2,3º,4509,03,Burro
3,4º,0009,03,Burro
4,5º,6542,11,Cavalo
5,6º,6540,10,Coelho
6,7º,5150,13,Galo
7,8º,4200,25,Vaca
8,9º,9099,25,Vaca
9,10º,7718,05,Cachorro
10,1º,5325,07,Carneiro
11,2º,3903,01,Avestruz
12,3º,7541,11,Cavalo
13,4º,1234,09,Cobra
14,5º,0571,18,Porco
15,6º,5371,18,Porco
16,7º,3952,13,Galo
17,8º,2043,11,Cavalo
18,9º,5314,04,Borboleta
19,10º,5254,14,Gato
20,1º,6562,16,Leão
21,2º,8132,08,Camelo
22,3º,7110,03,Burro
23,4º,0312,03,Burro
24,5º,7688,22,Tigre
25,6º,6870,18,Porco
26,7º,5113,04,Borboleta
27,8º,6311,03,Burro
28,9º,2202,01,Avestruz
29,10º,0300,25,Vaca
30,1º,2917,05,Cachorro
31,2º,6533,09,Cobra
32,3º,7062,16,Leão
33,4º,5612,03,Burro
34,5º,9957,15,Jacaré
35,6º,2675,19,Pavão
36,7º,9506,02,Águia
37,8º,1361,16,Leão
38,9º,7322,06,Cabra
39,10º,2945,12,Elefante
40,1º,7493,24,Veado
41,2º,5953,14,Gato
42,3º,2807,02,Águia
43,4º,6090,23,Urso
44,5º,4801,01,Avestruz
45,6º,7526,07,Carneiro
46,7º,4980,20,Peru
47,8º,9509,03,Burro
48,9º,3370,18,Porco
49,10º,2529,08,Camelo
50,1º,6919,05,Cachorro
51,2º,6016,04,Borboleta
52,3º,5391,23,Urso
53,4º,8094,24,Veado
54,5º,3081,21,Touro
55,6º,6658,15,Jacaré
56,7º,9030,08,Camelo
57,8º,1199,25,Vaca
58,9º,9614,04,Borboleta
59,10º,6002,01,Avestruz
,0,1,2,3
0,1º,5007,02,Águia
1,2º,6402,01,Avestruz
2,3º,6080,20,Peru
3,4º,2631,08,Camelo
4,5º,1927,07,Carneiro
5,6º,5662,16,Leão
6,7º,0406,02,Águia
7,8º,0083,21,Touro
8,9º,7201,01,Avestruz
9,10º,5399,25,Vaca
10,1º,2638,10,Coelho
11,2º,6713,04,Borboleta
12,3º,6602,01,Avestruz
13,4º,8849,13,Galo
14,5º,3469,18,Porco
15,6º,2668,17,Macaco
16,7º,6768,17,Macaco
17,8º,3104,01,Avestruz
18,9º,8329,08,Camelo
19,10º,9140,10,Coelho
20,1º,2360,15,Jacaré
21,2º,5743,11,Cavalo
22,3º,0332,08,Camelo
23,4º,0991,23,Urso
24,5º,4398,25,Vaca
25,6º,2500,25,Vaca
26,7º,3739,10,Coelho
27,8º,6439,10,Coelho
28,9º,0321,06,Cabra
29,10º,6823,06,Cabra
30,1º,0956,14,Gato
31,2º,6575,19,Pavão
32,3º,0632,08,Camelo
33,4º,4397,25,Vaca
34,5º,8241,11,Cavalo
35,6º,0604,01,Avestruz
36,7º,9563,16,Leão
37,8º,5739,10,Coelho
38,9º,6527,07,Carneiro
39,10º,3234,09,Cobra
40,1º,0597,25,Vaca
41,2º,1811,03,Burro
42,3º,9127,07,Carneiro
43,4º,3053,14,Gato
44,5º,5028,07,Carneiro
45,6º,0193,24,Veado
46,7º,5810,03,Burro
47,8º,9125,07,Carneiro
48,9º,7173,19,Pavão
49,10º,1917,05,Cachorro
50,1º,5876,19,Pavão
51,2º,2641,11,Cavalo
52,3º,4688,22,Tigre
53,4º,4165,17,Macaco
54,5º,7126,07,Carneiro
55,6º,5244,11,Cavalo
56,7º,8661,16,Leão
57,8º,7486,22,Tigre
58,9º,6185,22,Tigre
59,10º,2072,18,Porco
,0,1,2,3
0,1º,9512,03,Burro
1,2º,2918,05,Cachorro
2,3º,8035,09,Cobra
3,4º,7233,09,Cobra
4,5º,9367,17,Macaco
5,6º,9287,22,Tigre
6,7º,5902,01,Avestruz
7,8º,1133,09,Cobra
8,9º,2853,14,Gato
9,10º,6240,10,Coelho
10,1º,9715,04,Borboleta
11,2º,3224,06,Cabra
12,3º,2760,15,Jacaré
13,4º,6474,19,Pavão
14,5º,9724,06,Cabra
15,6º,9326,07,Carneiro
16,7º,7274,19,Pavão
17,8º,1267,17,Macaco
18,9º,5404,01,Avestruz
19,10º,5168,17,Macaco
20,1º,6826,07,Carneiro
21,2º,3729,08,Camelo
22,3º,7407,02,Águia
23,4º,4056,14,Gato
24,5º,0406,02,Águia
25,6º,6374,19,Pavão
26,7º,8740,10,Coelho
27,8º,2205,02,Águia
28,9º,6976,19,Pavão
29,10º,6719,05,Cachorro
30,1º,4524,06,Cabra
31,2º,3808,02,Águia
32,3º,8257,15,Jacaré
33,4º,9044,11,Cavalo
34,5º,4640,10,Coelho
35,6º,4389,23,Urso
36,7º,5820,05,Cachorro
37,8º,2054,14,Gato
38,9º,4874,19,Pavão
39,10º,7410,03,Burro
40,1º,7897,25,Vaca
41,2º,5720,05,Cachorro
42,3º,8924,06,Cabra
43,4º,4299,25,Vaca
44,5º,3551,13,Galo
45,6º,7584,21,Touro
46,7º,8792,23,Urso
47,8º,9229,08,Camelo
48,9º,7049,13,Galo
49,10º,3045,12,Elefante
50,1º,6071,18,Porco
51,2º,1291,23,Urso
52,3º,7427,07,Carneiro
53,4º,5012,03,Burro
54,5º,2650,13,Galo
55,6º,6175,19,Pavão
56,7º,0240,10,Coelho
57,8º,7921,06,Cabra
58,9º,1172,18,Porco
59,10º,7959,15,Jacaré
60,1º,1875,19,Pavão
61,2º,2651,13,Galo
62,3º,2042,11,Cavalo
63,4º,0989,23,Urso
64,5º,8239,10,Coelho
65,6º,1220,05,Cachorro
66,7º,8609,03,Burro
67,8º,7548,12,Elefante
68,9º,5129,08,Camelo
69,10º,8302,01,Avestruz
,0,1,2,3
0,1º,5054,14,Gato
1,2º,6656,14,Gato
2,3º,6904,01,Avestruz
3,4º,5150,13,Galo
4,5º,6221,06,Cabra
5,6º,5665,17,Macaco
6,7º,0691,23,Urso
7,8º,5505,02,Águia
8,9º,4640,10,Coelho
9,10º,6486,22,Tigre
10,1º,2966,17,Macaco
11,2º,9288,22,Tigre
12,3º,1683,21,Touro
13,4º,2051,13,Galo
14,5º,3925,07,Carneiro
15,6º,2912,03,Burro
16,7º,9260,15,Jacaré
17,8º,6885,22,Tigre
18,9º,6831,08,Camelo
19,10º,5801,01,Avestruz
20,1º,9056,14,Gato
21,2º,6655,14,Gato
22,3º,8217,05,Cachorro
23,4º,4355,14,Gato
24,5º,3155,14,Gato
25,6º,9684,21,Touro
26,7º,0623,06,Cabra
27,8º,5515,04,Borboleta
28,9º,6575,19,Pavão
29,10º,3835,09,Cobra
30,1º,3375,19,Pavão
31,2º,8930,08,Camelo
32,3º,7310,03,Burro
33,4º,1225,07,Carneiro
34,5º,9696,24,Veado
35,6º,3871,18,Porco
36,7º,3932,08,Camelo
37,8º,7312,03,Burro
38,9º,5005,02,Águia
39,10º,0656,14,Gato
40,1º,7238,10,Coelho
41,2º,9926,07,Carneiro
42,3º,0784,21,Touro
43,4º,7259,15,Jacaré
44,5º,6966,17,Macaco
45,6º,7907,02,Águia
46,7º,2972,18,Porco
47,8º,3285,22,Tigre
48,9º,8649,13,Galo
49,10º,4986,22,Tigre
50,1º,5442,11,Cavalo
51,2º,7730,08,Camelo
52,3º,2843,11,Cavalo
53,4º,5202,01,Avestruz
54,5º,8301,01,Avestruz
55,6º,5725,07,Carneiro
56,7º,4782,21,Touro
57,8º,4340,10,Coelho
58,9º,2032,08,Camelo
59,10º,6397,25,Vaca
,0,1,2,3
0,1º,1501,01,Avestruz
1,2º,6045,12,Elefante
2,3º,3549,13,Galo
3,4º,9412,03,Burro
4,5º,6506,02,Águia
5,6º,1639,10,Coelho
6,7º,5054,14,Gato
7,8º,0441,11,Cavalo
8,9º,1592,23,Urso
9,10º,5739,10,Coelho
10,1º,4864,16,Leão
11,2º,0824,06,Cabra
12,3º,4433,09,Cobra
13,4º,3876,19,Pavão
14,5º,9554,14,Gato
15,6º,4043,11,Cavalo
16,7º,8848,12,Elefante
17,8º,6237,10,Coelho
18,9º,4436,09,Cobra
19,10º,7115,04,Borboleta
20,1º,0362,16,Leão
21,2º,8667,17,Macaco
22,3º,3969,18,Porco
23,4º,7117,05,Cachorro
24,5º,2505,02,Águia
25,6º,0837,10,Coelho
26,7º,3691,23,Urso
27,8º,6661,16,Leão
28,9º,2797,25,Vaca
29,10º,6606,02,Águia
30,1º,0773,19,Pavão
31,2º,1909,03,Burro
32,3º,4271,18,Porco
33,4º,8477,20,Peru
34,5º,7530,08,Camelo
35,6º,0148,12,Elefante
36,7º,7924,06,Cabra
37,8º,7077,20,Peru
38,9º,3917,05,Cachorro
39,10º,2026,07,Carneiro
40,1º,3484,21,Touro
41,2º,4154,14,Gato
42,3º,8179,20,Peru
43,4º,6257,15,Jacaré
44,5º,8340,10,Coelho
45,6º,3486,22,Tigre
46,7º,4112,03,Burro
47,8º,8575,19,Pavão
48,9º,4497,25,Vaca
49,10º,1084,21,Touro
50,1º,7531,08,Camelo
51,2º,4803,01,Avestruz
52,3º,3412,03,Burro
53,4º,9877,20,Peru
54,5º,7914,04,Borboleta
55,6º,7439,10,Coelho
56,7º,5848,12,Elefante
57,8º,3017,05,Cachorro
58,9º,1327,07,Carneiro
59,10º,1168,17,Macaco
,0,1,2,3
0,1º,5808,02,Águia
1,2º,4948,12,Elefante
2,3º,8374,19,Pavão
3,4º,7878,20,Peru
4,5º,7011,03,Burro
5,6º,5487,22,Tigre
6,7º,8938,10,Coelho
7,8º,0477,20,Peru
8,9º,8848,12,Elefante
9,10º,7769,18,Porco
10,1º,1397,25,Vaca
11,2º,2100,25,Vaca
12,3º,0287,22,Tigre
13,4º,4554,14,Gato
14,5º,6863,16,Leão
15,6º,1204,01,Avestruz
16,7º,3125,07,Carneiro
17,8º,9085,22,Tigre
18,9º,7074,19,Pavão
19,10º,5689,23,Urso
20,1º,4689,23,Urso
21,2º,2397,25,Vaca
22,3º,9720,05,Cachorro
23,4º,5495,24,Veado
24,5º,0326,07,Carneiro
25,6º,4295,24,Veado
26,7º,6374,19,Pavão
27,8º,8929,08,Camelo
28,9º,9705,02,Águia
29,10º,1930,08,Camelo
30,1º,2901,01,Avestruz
31,2º,5162,16,Leão
32,3º,7291,23,Urso
33,4º,3791,23,Urso
34,5º,7726,07,Carneiro
35,6º,2573,19,Pavão
36,7º,9127,07,Carneiro
37,8º,0699,25,Vaca
38,9º,1211,03,Burro
39,10º,0481,21,Touro
40,1º,5418,05,Cachorro
41,2º,4013,04,Borboleta
42,3º,0463,16,Leão
43,4º,7900,25,Vaca
44,5º,4702,01,Avestruz
45,6º,5407,02,Águia
46,7º,4049,13,Galo
47,8º,1160,15,Jacaré
48,9º,8330,08,Camelo
49,10º,1442,11,Cavalo
50,1º,7005,02,Águia
51,2º,4044,11,Cavalo
52,3º,3948,12,Elefante
53,4º,4769,18,Porco
54,5º,1634,09,Cobra
55,6º,7434,09,Cobra
56,7º,0097,25,Vaca
57,8º,0446,12,Elefante
58,9º,5489,23,Urso
59,10º,4866,17,Macaco
60,1º,1531,08,Camelo
61,2º,9255,14,Gato
62,3º,9407,02,Águia
63,4º,8846,12,Elefante
64,5º,6646,12,Elefante
65,6º,1998,25,Vaca
66,7º,5248,12,Elefante
67,8º,3504,01,Avestruz
68,9º,1576,19,Pavão
69,10º,8011,03,Burro
,0,1,2,3
0,1º,2241,11,Cavalo
1,2º,8568,17,Macaco
2,3º,4756,14,Gato
3,4º,6000,25,Vaca
4,5º,6931,08,Camelo
5,6º,2846,12,Elefante
6,7º,2570,18,Porco
7,8º,4650,13,Galo
8,9º,1860,15,Jacaré
9,10º,0422,06,Cabra
10,1º,6150,13,Galo
11,2º,9995,24,Veado
12,3º,0808,02,Águia
13,4º,2008,02,Águia
14,5º,1900,25,Vaca
15,6º,6902,01,Avestruz
16,7º,1980,20,Peru
17,8º,5900,25,Vaca
18,9º,0588,22,Tigre
19,10º,6231,08,Camelo
20,1º,7205,02,Águia
21,2º,2858,15,Jacaré
22,3º,1550,13,Galo
23,4º,3284,21,Touro
24,5º,8848,12,Elefante
25,6º,7213,04,Borboleta
26,7º,2852,13,Galo
27,8º,0558,15,Jacaré
28,9º,5804,01,Avestruz
29,10º,0172,18,Porco
,0,1,2,3
0,1º,3009,03,Burro
1,2º,6675,19,Pavão
2,3º,5062,16,Leão
3,4º,7356,14,Gato
4,5º,3100,25,Vaca
5,6º,3657,15,Jacaré
6,7º,0603,01,Avestruz
7,8º,0765,17,Macaco
8,9º,9526,07,Carneiro
9,10º,9753,14,Gato
10,1º,7250,13,Galo
11,2º,1563,16,Leão
12,3º,6461,16,Leão
13,4º,6384,21,Touro
14,5º,8052,13,Galo
15,6º,7166,17,Macaco
16,7º,2543,11,Cavalo
17,8º,5668,17,Macaco
18,9º,0314,04,Borboleta
19,10º,5401,01,Avestruz
20,1º,4100,25,Vaca
21,2º,2667,17,Macaco
22,3º,4452,13,Galo
23,4º,8214,04,Borboleta
24,5º,8014,04,Borboleta
25,6º,4248,12,Elefante
26,7º,1642,11,Cavalo
27,8º,0651,13,Galo
28,9º,0724,06,Cabra
29,10º,4712,03,Burro
30,1º,5456,14,Gato
31,2º,8152,13,Galo
32,3º,2162,16,Leão
33,4º,1439,10,Coelho
34,5º,1834,09,Cobra
35,6º,5821,06,Cabra
36,7º,4114,04,Borboleta
37,8º,5563,16,Leão
38,9º,6229,08,Camelo
39,10º,0770,18,Porco
40,1º,4363,16,Leão
41,2º,4632,08,Camelo
42,3º,5538,10,Coelho
43,4º,0772,18,Porco
44,5º,2947,12,Elefante
45,6º,4450,13,Galo
46,7º,3657,15,Jacaré
47,8º,6337,10,Coelho
48,9º,3282,21,Touro
49,10º,5978,20,Peru
50,1º,4547,12,Elefante
51,2º,1245,12,Elefante
52,3º,5861,16,Leão
53,4º,6205,02,Águia
54,5º,4782,21,Touro
55,6º,4156,14,Gato
56,7º,5282,21,Touro
57,8º,4460,15,Jacaré
58,9º,7515,04,Borboleta
59,10º,4053,14,Gato
,0,1,2,3
0,1º,5442,11,Cavalo
1,2º,9801,01,Avestruz
2,3º,4441,11,Cavalo
3,4º,5511,03,Burro
4,5º,7141,11,Cavalo
5,6º,5945,12,Elefante
6,7º,4845,12,Elefante
7,8º,4041,11,Cavalo
8,9º,2111,03,Burro
9,10º,9278,20,Peru
10,1º,9995,24,Veado
11,2º,8882,21,Touro
12,3º,9675,19,Pavão
13,4º,4307,02,Águia
14,5º,6904,01,Avestruz
15,6º,9894,24,Veado
16,7º,9863,16,Leão
17,8º,9870,18,Porco
18,9º,5257,15,Jacaré
19,10º,4647,12,Elefante
20,1º,0935,09,Cobra
21,2º,8693,24,Veado
22,3º,2905,02,Águia
23,4º,6437,10,Coelho
24,5º,0351,13,Galo
25,6º,0826,07,Carneiro
26,7º,9694,24,Veado
27,8º,3903,01,Avestruz
28,9º,5357,15,Jacaré
29,10º,9101,01,Avestruz
30,1º,1061,16,Leão
31,2º,4592,23,Urso
32,3º,3036,09,Cobra
33,4º,8329,08,Camelo
34,5º,8826,07,Carneiro
35,6º,1438,10,Coelho
36,7º,0503,01,Avestruz
37,8º,6932,08,Camelo
38,9º,1269,18,Porco
39,10º,5986,22,Tigre
40,1º,2536,09,Cobra
41,2º,8867,17,Macaco
42,3º,5002,01,Avestruz
43,4º,7968,17,Macaco
44,5º,2820,05,Cachorro
45,6º,2857,15,Jacaré
46,7º,5809,03,Burro
47,8º,3606,02,Águia
48,9º,6728,07,Carneiro
49,10º,6193,24,Veado
50,1º,4546,12,Elefante
51,2º,2532,08,Camelo
52,3º,5267,17,Macaco
53,4º,4233,09,Cobra
54,5º,5443,11,Cavalo
55,6º,4254,14,Gato
56,7º,5522,06,Cabra
57,8º,4363,16,Leão
58,9º,6273,19,Pavão
59,10º,2433,09,Cobra
,0,1,2,3
0,1º,4472,18,Porco
1,2º,7408,02,Águia
2,3º,0293,24,Veado
3,4º,6843,11,Cavalo
4,5º,2833,09,Cobra
5,6º,4706,02,Águia
6,7º,4428,07,Carneiro
7,8º,7094,24,Veado
8,9º,2833,09,Cobra
9,10º,0910,03,Burro
10,1º,3501,01,Avestruz
11,2º,1345,12,Elefante
12,3º,2841,11,Cavalo
13,4º,3260,15,Jacaré
14,5º,2287,22,Tigre
15,6º,3123,06,Cabra
16,7º,5382,21,Touro
17,8º,0446,12,Elefante
18,9º,1510,03,Burro
19,10º,3695,24,Veado
20,1º,6201,01,Avestruz
21,2º,4376,19,Pavão
22,3º,4872,18,Porco
23,4º,9111,03,Burro
24,5º,3340,10,Coelho
25,6º,6449,13,Galo
26,7º,2381,21,Touro
27,8º,0771,18,Porco
28,9º,1621,06,Cabra
29,10º,9122,06,Cabra
30,1º,3554,14,Gato
31,2º,8817,05,Cachorro
32,3º,9434,09,Cobra
33,4º,6733,09,Cobra
34,5º,6830,08,Camelo
35,6º,3896,24,Veado
36,7º,5847,12,Elefante
37,8º,5133,09,Cobra
38,9º,4743,11,Cavalo
39,10º,4987,22,Tigre
40,1º,3039,10,Coelho
41,2º,1609,03,Burro
42,3º,8628,07,Carneiro
43,4º,1286,22,Tigre
44,5º,9133,09,Cobra
45,6º,3181,21,Touro
46,7º,0662,16,Leão
47,8º,3028,07,Carneiro
48,9º,9986,22,Tigre
49,10º,0552,13,Galo
50,1º,0366,17,Macaco
51,2º,3514,04,Borboleta
52,3º,5504,01,Avestruz
53,4º,4365,17,Macaco
54,5º,1105,02,Águia
55,6º,0354,14,Gato
56,7º,3553,14,Gato
57,8º,6106,02,Águia
58,9º,6445,12,Elefante
59,10º,1312,03,Burro
60,1º,3583,21,Touro
61,2º,8638,10,Coelho
62,3º,0069,18,Porco
63,4º,7662,16,Leão
64,5º,1084,21,Touro
65,6º,3807,02,Águia
66,7º,5606,02,Águia
67,8º,8366,17,Macaco
68,9º,3892,23,Urso
69,10º,2707,02,Águia
,0,1,2,3
0,1º,8164,16,Leão
1,2º,6111,03,Burro
2,3º,3435,09,Cobra
3,4º,4960,15,Jacaré
4,5º,5416,04,Borboleta
5,6º,8634,09,Cobra
6,7º,1149,13,Galo
7,8º,6136,09,Cobra
8,9º,4150,13,Galo
9,10º,8155,14,Gato
10,1º,7646,12,Elefante
11,2º,0111,03,Burro
12,3º,9681,21,Touro
13,4º,5423,06,Cabra
14,5º,2349,13,Galo
15,6º,7095,24,Veado
16,7º,6164,16,Leão
17,8º,4182,21,Touro
18,9º,6113,04,Borboleta
19,10º,8764,16,Leão
20,1º,6374,19,Pavão
21,2º,1672,18,Porco
22,3º,5588,22,Tigre
23,4º,9934,09,Cobra
24,5º,1747,12,Elefante
25,6º,6159,15,Jacaré
26,7º,3659,15,Jacaré
27,8º,7783,21,Touro
28,9º,4284,21,Touro
29,10º,7200,25,Vaca
30,1º,7314,04,Borboleta
31,2º,8906,02,Águia
32,3º,3313,04,Borboleta
33,4º,3467,17,Macaco
34,5º,1190,23,Urso
35,6º,7833,09,Cobra
36,7º,3934,09,Cobra
37,8º,1016,04,Borboleta
38,9º,4637,10,Coelho
39,10º,1610,03,Burro
40,1º,2683,21,Touro
41,2º,9806,02,Águia
42,3º,6118,05,Cachorro
43,4º,3791,23,Urso
44,5º,9830,08,Camelo
45,6º,2963,16,Leão
46,7º,6817,05,Cachorro
47,8º,8019,05,Cachorro
48,9º,3681,21,Touro
49,10º,3708,02,Águia
50,1º,8316,04,Borboleta
51,2º,9835,09,Cobra
52,3º,8525,07,Carneiro
53,4º,3461,16,Leão
54,5º,7026,07,Carneiro
55,6º,8983,21,Touro
56,7º,3854,14,Gato
57,8º,1326,07,Carneiro
58,9º,6551,13,Galo
59,10º,7877,20,Peru
,0,1,2,3
0,1º,2669,18,Porco
1,2º,7306,02,Águia
2,3º,4730,08,Camelo
3,4º,3322,06,Cabra
4,5º,6990,23,Urso
5,6º,2743,11,Cavalo
6,7º,6373,19,Pavão
7,8º,6032,08,Camelo
8,9º,9602,01,Avestruz
9,10º,9767,17,Macaco
10,1º,4082,21,Touro
11,2º,6336,09,Cobra
12,3º,0363,16,Leão
13,4º,6663,16,Leão
14,5º,6085,22,Tigre
15,6º,4606,02,Águia
16,7º,0336,09,Cobra
17,8º,8366,17,Macaco
18,9º,2633,09,Cobra
19,10º,9470,18,Porco
20,1º,3401,01,Avestruz
21,2º,3505,02,Águia
22,3º,0078,20,Peru
23,4º,5112,03,Burro
24,5º,1295,24,Veado
25,6º,3305,02,Águia
26,7º,4501,01,Avestruz
27,8º,0071,18,Porco
28,9º,1582,21,Touro
29,10º,2850,13,Galo
30,1º,1453,14,Gato
31,2º,2385,22,Tigre
32,3º,4053,14,Gato
33,4º,2540,10,Coelho
34,5º,5711,03,Burro
35,6º,1242,11,Cavalo
36,7º,4305,02,Águia
37,8º,5854,14,Gato
38,9º,3530,08,Camelo
39,10º,1073,19,Pavão
40,1º,4476,19,Pavão
41,2º,6034,09,Cobra
42,3º,4181,21,Touro
43,4º,0273,19,Pavão
44,5º,0634,09,Cobra
45,6º,4640,10,Coelho
46,7º,4012,03,Burro
47,8º,7387,22,Tigre
48,9º,6413,04,Borboleta
49,10º,8050,13,Galo
50,1º,8765,17,Macaco
51,2º,9670,18,Porco
52,3º,4574,19,Pavão
53,4º,8972,18,Porco
54,5º,0014,04,Borboleta
55,6º,8948,12,Elefante
56,7º,7659,15,Jacaré
57,8º,6777,20,Peru
58,9º,5042,11,Cavalo
59,10º,0421,06,Cabra
,0,1,2,3
0,1º,6124,06,Cabra
1,2º,0406,02,Águia
2,3º,8628,07,Carneiro
3,4º,3456,14,Gato
4,5º,4662,16,Leão
5,6º,6083,21,Touro
6,7º,1464,16,Leão
7,8º,2025,07,Carneiro
8,9º,4686,22,Tigre
9,10º,7534,09,Cobra
10,1º,7624,06,Cabra
11,2º,5907,02,Águia
12,3º,4748,12,Elefante
13,4º,7471,18,Porco
14,5º,2328,07,Carneiro
15,6º,7547,12,Elefante
16,7º,6974,19,Pavão
17,8º,2047,12,Elefante
18,9º,4781,21,Touro
19,10º,9427,07,Carneiro
20,1º,8970,18,Porco
21,2º,8512,03,Burro
22,3º,2319,05,Cachorro
23,4º,1920,05,Cachorro
24,5º,0635,09,Cobra
25,6º,8821,06,Cabra
26,7º,9539,10,Coelho
27,8º,7112,03,Burro
28,9º,0290,23,Urso
29,10º,8118,05,Cachorro
30,1º,4220,05,Cachorro
31,2º,8603,01,Avestruz
32,3º,1984,21,Touro
33,4º,9043,11,Cavalo
34,5º,9708,02,Águia
35,6º,4819,05,Cachorro
36,7º,2690,23,Urso
37,8º,2084,21,Touro
38,9º,0343,11,Cavalo
39,10º,3494,24,Veado
40,1º,1859,15,Jacaré
41,2º,4487,22,Tigre
42,3º,6765,17,Macaco
43,4º,3019,05,Cachorro
44,5º,2974,19,Pavão
45,6º,1463,16,Leão
46,7º,8470,18,Porco
47,8º,5861,16,Leão
48,9º,9759,15,Jacaré
49,10º,4657,15,Jacaré
50,1º,2110,03,Burro
51,2º,7353,14,Gato
52,3º,1290,23,Urso
53,4º,5257,15,Jacaré
54,5º,0513,04,Borboleta
55,6º,2715,04,Borboleta
56,7º,1322,06,Cabra
57,8º,1595,24,Veado
58,9º,0307,02,Águia
59,10º,2462,16,Leão
60,1º,9221,06,Cabra
61,2º,3303,01,Avestruz
62,3º,0415,04,Borboleta
63,4º,3457,15,Jacaré
64,5º,5860,15,Jacaré
65,6º,9303,01,Avestruz
66,7º,2344,11,Cavalo
67,8º,2015,04,Borboleta
68,9º,1357,15,Jacaré
69,10º,7275,19,Pavão
,0,1,2,3
0,1º,1136,09,Cobra
1,2º,4767,17,Macaco
2,3º,7261,16,Leão
3,4º,8824,06,Cabra
4,5º,7975,19,Pavão
5,6º,1478,20,Peru
6,7º,1728,07,Carneiro
7,8º,3662,16,Leão
8,9º,6714,04,Borboleta
9,10º,3545,12,Elefante
10,1º,7390,23,Urso
11,2º,5996,24,Veado
12,3º,2251,13,Galo
13,4º,7535,09,Cobra
14,5º,4704,01,Avestruz
15,6º,7527,07,Carneiro
16,7º,3925,07,Carneiro
17,8º,9953,14,Gato
18,9º,0615,04,Borboleta
19,10º,9896,24,Veado
20,1º,9789,23,Urso
21,2º,2232,08,Camelo
22,3º,1187,22,Tigre
23,4º,7148,12,Elefante
24,5º,6635,09,Cobra
25,6º,9217,05,Cachorro
26,7º,7211,03,Burro
27,8º,8384,21,Touro
28,9º,9278,20,Peru
29,10º,1081,21,Touro
,0,1,2,3
0,1º,7632,08,Camelo
1,2º,0282,21,Touro
2,3º,9355,14,Gato
3,4º,2808,02,Águia
4,5º,0291,23,Urso
5,6º,7092,23,Urso
6,7º,6238,10,Coelho
7,8º,3850,13,Galo
8,9º,2258,15,Jacaré
9,10º,9806,02,Águia
10,1º,7140,10,Coelho
11,2º,0461,16,Leão
12,3º,5643,11,Cavalo
13,4º,5212,03,Burro
14,5º,7530,08,Camelo
15,6º,7055,14,Gato
16,7º,1462,16,Leão
17,8º,4641,11,Cavalo
18,9º,0132,08,Camelo
19,10º,9276,19,Pavão
20,1º,3054,14,Gato
21,2º,0552,13,Galo
22,3º,6502,01,Avestruz
23,4º,6828,07,Carneiro
24,5º,3045,12,Elefante
25,6º,3066,17,Macaco
26,7º,0558,15,Jacaré
27,8º,5502,01,Avestruz
28,9º,4228,07,Carneiro
29,10º,3335,09,Cobra
30,1º,2173,19,Pavão
31,2º,3151,13,Galo
32,3º,9772,18,Porco
33,4º,7147,12,Elefante
34,5º,7216,04,Borboleta
35,6º,2397,25,Vaca
36,7º,1171,18,Porco
37,8º,7574,19,Pavão
38,9º,3127,07,Carneiro
39,10º,3728,07,Carneiro
40,1º,9629,08,Camelo
41,2º,7594,24,Veado
42,3º,5569,18,Porco
43,4º,7092,23,Urso
44,5º,4560,15,Jacaré
45,6º,9757,15,Jacaré
46,7º,6550,13,Galo
47,8º,2969,18,Porco
48,9º,9492,23,Urso
49,10º,3212,03,Burro
50,1º,4509,03,Burro
51,2º,0356,14,Gato
52,3º,2727,07,Carneiro
53,4º,6814,04,Borboleta
54,5º,0490,23,Urso
55,6º,4026,07,Carneiro
56,7º,5378,20,Peru
57,8º,0521,06,Cabra
58,9º,9674,19,Pavão
59,10º,4495,24,Veado
,0,1,2,3
0,1º,2790,23,Urso
1,2º,8788,22,Tigre
2,3º,0090,23,Urso
3,4º,0622,06,Cabra
4,5º,8041,11,Cavalo
5,6º,2800,25,Vaca
6,7º,7706,02,Águia
7,8º,9892,23,Urso
8,9º,0802,01,Avestruz
9,10º,1531,08,Camelo
10,1º,1697,25,Vaca
11,2º,7131,08,Camelo
12,3º,8161,16,Leão
13,4º,9881,21,Touro
14,5º,8852,13,Galo
15,6º,1789,23,Urso
16,7º,6118,05,Cachorro
17,8º,9368,17,Macaco
18,9º,7111,03,Burro
19,10º,0108,02,Águia
20,1º,0840,10,Coelho
21,2º,3670,18,Porco
22,3º,8107,02,Águia
23,4º,2970,18,Porco
24,5º,7110,03,Burro
25,6º,0382,21,Touro
26,7º,8619,05,Cachorro
27,8º,4707,02,Águia
28,9º,0070,18,Porco
29,10º,6475,19,Pavão
30,1º,9063,16,Leão
31,2º,9523,06,Cabra
32,3º,6390,23,Urso
33,4º,6703,01,Avestruz
34,5º,0042,11,Cavalo
35,6º,9966,17,Macaco
36,7º,0537,10,Coelho
37,8º,6290,23,Urso
38,9º,3303,01,Avestruz
39,10º,1817,05,Cachorro
40,1º,7201,01,Avestruz
41,2º,9446,12,Elefante
42,3º,6905,02,Águia
43,4º,0292,23,Urso
44,5º,9620,05,Cachorro
45,6º,7960,15,Jacaré
46,7º,2492,23,Urso
47,8º,0409,03,Burro
48,9º,1652,13,Galo
49,10º,5977,20,Peru
50,1º,4845,12,Elefante
51,2º,2944,11,Cavalo
52,3º,7361,16,Leão
53,4º,9097,25,Vaca
54,5º,1398,25,Vaca
55,6º,4279,20,Peru
56,7º,8930,08,Camelo
57,8º,4469,18,Porco
58,9º,5417,05,Cachorro
59,10º,8740,10,Coelho
,0,1,2,3
0,1º,6057,15,Jacaré
1,2º,3439,10,Coelho
2,3º,7702,01,Avestruz
3,4º,4339,10,Coelho
4,5º,4377,20,Peru
5,6º,6374,19,Pavão
6,7º,0473,19,Pavão
7,8º,5303,01,Avestruz
8,9º,7929,08,Camelo
9,10º,5993,24,Veado
10,1º,8181,21,Touro
11,2º,1444,11,Cavalo
12,3º,1866,17,Macaco
13,4º,7196,24,Veado
14,5º,8006,02,Águia
15,6º,8117,05,Cachorro
16,7º,1481,21,Touro
17,8º,8469,18,Porco
18,9º,1466,17,Macaco
19,10º,6226,07,Carneiro
20,1º,0508,02,Águia
21,2º,2428,07,Carneiro
22,3º,3109,03,Burro
23,4º,1726,07,Carneiro
24,5º,9673,19,Pavão
25,6º,0231,08,Camelo
26,7º,5417,05,Cachorro
27,8º,0202,01,Avestruz
28,9º,8896,24,Veado
29,10º,2190,23,Urso
30,1º,0290,23,Urso
31,2º,8070,18,Porco
32,3º,6535,09,Cobra
33,4º,1352,13,Galo
34,5º,6178,20,Peru
35,6º,0861,16,Leão
36,7º,2053,14,Gato
37,8º,9735,09,Cobra
38,9º,0052,13,Galo
39,10º,5126,07,Carneiro
40,1º,7013,04,Borboleta
41,2º,9705,02,Águia
42,3º,3921,06,Cabra
43,4º,5519,05,Cachorro
44,5º,2924,06,Cabra
45,6º,7935,09,Cobra
46,7º,0795,24,Veado
47,8º,1021,06,Cabra
48,9º,3519,05,Cachorro
49,10º,2352,13,Galo
50,1º,4248,12,Elefante
51,2º,9210,03,Burro
52,3º,8141,11,Cavalo
53,4º,6724,06,Cabra
54,5º,1006,02,Águia
55,6º,4986,22,Tigre
56,7º,2217,05,Cachorro
57,8º,4142,11,Cavalo
58,9º,8014,04,Borboleta
59,10º,8688,22,Tigre
60,1º,8635,09,Cobra
61,2º,9157,15,Jacaré
62,3º,8701,01,Avestruz
63,4º,0030,08,Camelo
64,5º,6890,23,Urso
65,6º,8980,20,Peru
66,7º,6170,18,Porco
67,8º,3503,01,Avestruz
68,9º,5710,03,Burro
69,10º,7776,19,Pavão
,0,1,2,3
0,1º,5394,24,Veado
1,2º,0422,06,Cabra
2,3º,1810,03,Burro
3,4º,6914,04,Borboleta
4,5º,9599,25,Vaca
5,6º,5016,04,Borboleta
6,7º,3489,23,Urso
7,8º,9211,03,Burro
8,9º,4204,01,Avestruz
9,10º,6059,15,Jacaré
10,1º,1974,19,Pavão
11,2º,4674,19,Pavão
12,3º,3547,12,Elefante
13,4º,6983,21,Touro
14,5º,7620,05,Cachorro
15,6º,1436,09,Cobra
16,7º,9659,15,Jacaré
17,8º,7748,12,Elefante
18,9º,4473,19,Pavão
19,10º,8114,04,Borboleta
20,1º,6246,12,Elefante
21,2º,5712,03,Burro
22,3º,5127,07,Carneiro
23,4º,7536,09,Cobra
24,5º,6510,03,Burro
25,6º,6557,15,Jacaré
26,7º,2715,04,Borboleta
27,8º,4123,06,Cabra
28,9º,6276,19,Pavão
29,10º,0802,01,Avestruz
30,1º,9050,13,Galo
31,2º,6620,05,Cachorro
32,3º,6522,06,Cabra
33,4º,4754,14,Gato
34,5º,6100,25,Vaca
35,6º,9664,16,Leão
36,7º,0657,15,Jacaré
37,8º,5225,07,Carneiro
38,9º,0024,06,Cabra
39,10º,8616,04,Borboleta
40,1º,5477,20,Peru
41,2º,6494,24,Veado
42,3º,8400,25,Vaca
43,4º,2680,20,Peru
44,5º,4436,09,Cobra
45,6º,5682,21,Touro
46,7º,4446,12,Elefante
47,8º,7908,02,Águia
48,9º,7400,25,Vaca
49,10º,2923,06,Cabra
50,1º,3236,09,Cobra
51,2º,3050,13,Galo
52,3º,5912,03,Burro
53,4º,5981,21,Touro
54,5º,7131,08,Camelo
55,6º,3355,14,Gato
56,7º,2099,25,Vaca
57,8º,3518,05,Cachorro
58,9º,6021,06,Cabra
59,10º,0303,01,Avestruz
,0,1,2,3
0,1º,2293,24,Veado
1,2º,3735,09,Cobra
2,3º,9207,02,Águia
3,4º,2730,08,Camelo
4,5º,3334,09,Cobra
5,6º,2392,23,Urso
6,7º,2727,07,Carneiro
7,8º,9303,01,Avestruz
8,9º,3570,18,Porco
9,10º,9291,23,Urso
10,1º,8075,19,Pavão
11,2º,8018,05,Cachorro
12,3º,8118,05,Cachorro
13,4º,9064,16,Leão
14,5º,9857,15,Jacaré
15,6º,8889,23,Urso
16,7º,0010,03,Burro
17,8º,7116,04,Borboleta
18,9º,5884,21,Touro
19,10º,5031,08,Camelo
20,1º,5539,10,Coelho
21,2º,2013,04,Borboleta
22,3º,6245,12,Elefante
23,4º,8315,04,Borboleta
24,5º,3939,10,Coelho
25,6º,5268,17,Macaco
26,7º,5023,06,Cabra
27,8º,3141,11,Cavalo
28,9º,9355,14,Gato
29,10º,8838,10,Coelho
30,1º,5363,16,Leão
31,2º,4107,02,Águia
32,3º,5621,06,Cabra
33,4º,0690,23,Urso
34,5º,7774,19,Pavão
35,6º,5450,13,Galo
36,7º,3166,17,Macaco
37,8º,6029,08,Camelo
38,9º,3710,03,Burro
39,10º,1910,03,Burro
40,1º,9615,04,Borboleta
41,2º,5824,06,Cabra
42,3º,9829,08,Camelo
43,4º,6409,03,Burro
44,5º,8133,09,Cobra
45,6º,9596,24,Veado
46,7º,6884,21,Touro
47,8º,1220,05,Cachorro
48,9º,5499,25,Vaca
49,10º,3009,03,Burro
50,1º,3766,17,Macaco
51,2º,8046,12,Elefante
52,3º,0930,08,Camelo
53,4º,5905,02,Águia
54,5º,3103,01,Avestruz
55,6º,3805,02,Águia
56,7º,7099,25,Vaca
57,8º,6430,08,Camelo
58,9º,6605,02,Águia
59,10º,5689,23,Urso
,0,1,2,3
0,1º,3213,04,Borboleta
1,2º,0596,24,Veado
2,3º,0916,04,Borboleta
3,4º,4887,22,Tigre
4,5º,9069,18,Porco
5,6º,3004,01,Avestruz
6,7º,2598,25,Vaca
7,8º,1918,05,Cachorro
8,9º,3667,17,Macaco
9,10º,9868,17,Macaco
10,1º,8350,13,Galo
11,2º,4703,01,Avestruz
12,3º,8128,07,Carneiro
13,4º,9630,08,Camelo
14,5º,8263,16,Leão
15,6º,8489,23,Urso
16,7º,3716,04,Borboleta
17,8º,5023,06,Cabra
18,9º,0380,20,Peru
19,10º,6682,21,Touro
20,1º,3561,16,Leão
21,2º,5896,24,Veado
22,3º,9532,08,Camelo
23,4º,8362,16,Leão
24,5º,3283,21,Touro
25,6º,3598,25,Vaca
26,7º,5853,14,Gato
27,8º,6936,09,Cobra
28,9º,1622,06,Cabra
29,10º,8643,11,Cavalo
30,1º,3804,01,Avestruz
31,2º,9580,20,Peru
32,3º,6226,07,Carneiro
33,4º,2661,16,Leão
34,5º,4232,08,Camelo
35,6º,3962,16,Leão
36,7º,8526,07,Carneiro
37,8º,0826,07,Carneiro
38,9º,4061,16,Leão
39,10º,3878,20,Peru
40,1º,4303,01,Avestruz
41,2º,7702,01,Avestruz
42,3º,9446,12,Elefante
43,4º,7124,06,Cabra
44,5º,4401,01,Avestruz
45,6º,4797,25,Vaca
46,7º,3741,11,Cavalo
47,8º,0042,11,Cavalo
48,9º,3264,16,Leão
49,10º,4820,05,Cachorro
50,1º,3847,12,Elefante
51,2º,9081,21,Touro
52,3º,0196,24,Veado
53,4º,9353,14,Gato
54,5º,0223,06,Cabra
55,6º,3909,03,Burro
56,7º,8013,04,Borboleta
57,8º,4895,24,Veado
58,9º,7163,16,Leão
59,10º,6680,20,Peru
60,1º,9648,12,Elefante
61,2º,0914,04,Borboleta
62,3º,8350,13,Galo
63,4º,6773,19,Pavão
64,5º,3840,10,Coelho
65,6º,9086,22,Tigre
66,7º,6937,10,Coelho
67,8º,4157,15,Jacaré
68,9º,8403,01,Avestruz
69,10º,8108,02,Águia
,0,1,2,3
0,1º,5642,11,Cavalo
1,2º,4002,01,Avestruz
2,3º,5226,07,Carneiro
3,4º,7325,07,Carneiro
4,5º,0907,02,Águia
5,6º,5457,15,Jacaré
6,7º,6023,06,Cabra
7,8º,4022,06,Cabra
8,9º,2265,17,Macaco
9,10º,0869,18,Porco
10,1º,0603,01,Avestruz
11,2º,6592,23,Urso
12,3º,6366,17,Macaco
13,4º,2432,08,Camelo
14,5º,2708,02,Águia
15,6º,0662,16,Leão
16,7º,6534,09,Cobra
17,8º,0963,16,Leão
18,9º,3262,16,Leão
19,10º,0122,06,Cabra
20,1º,3757,15,Jacaré
21,2º,9591,23,Urso
22,3º,3150,13,Galo
23,4º,1283,21,Touro
24,5º,7757,15,Jacaré
25,6º,3931,08,Camelo
26,7º,7512,03,Burro
27,8º,5958,15,Jacaré
28,9º,7103,01,Avestruz
29,10º,0042,11,Cavalo
,0,1,2,3
0,1º,9400,25,Vaca
1,2º,5074,19,Pavão
2,3º,5975,19,Pavão
3,4º,1523,06,Cabra
4,5º,4790,23,Urso
5,6º,9551,13,Galo
6,7º,4095,24,Veado
7,8º,0772,18,Porco
8,9º,0453,14,Gato
9,10º,1633,09,Cobra
10,1º,0414,04,Borboleta
11,2º,3276,19,Pavão
12,3º,0458,15,Jacaré
13,4º,1786,22,Tigre
14,5º,7966,17,Macaco
15,6º,0301,01,Avestruz
16,7º,4247,12,Elefante
17,8º,1758,15,Jacaré
18,9º,4686,22,Tigre
19,10º,4892,23,Urso
20,1º,2793,24,Veado
21,2º,8902,01,Avestruz
22,3º,4300,25,Vaca
23,4º,0817,05,Cachorro
24,5º,4346,12,Elefante
25,6º,2840,10,Coelho
26,7º,7938,10,Coelho
27,8º,9001,01,Avestruz
28,9º,3207,02,Águia
29,10º,4144,11,Cavalo
30,1º,2877,20,Peru
31,2º,2178,20,Peru
32,3º,4876,19,Pavão
33,4º,4598,25,Vaca
34,5º,9967,17,Macaco
35,6º,2244,11,Cavalo
36,7º,8185,22,Tigre
37,8º,7779,20,Peru
38,9º,7868,17,Macaco
39,10º,0572,18,Porco
40,1º,0383,21,Touro
41,2º,7171,18,Porco
42,3º,3979,20,Peru
43,4º,6010,03,Burro
44,5º,5938,10,Coelho
45,6º,0736,09,Cobra
46,7º,3190,23,Urso
47,8º,8771,18,Porco
48,9º,3190,23,Urso
49,10º,9368,17,Macaco
50,1º,0666,17,Macaco
51,2º,2695,24,Veado
52,3º,8976,19,Pavão
53,4º,7347,12,Elefante
54,5º,6565,17,Macaco
55,6º,0287,22,Tigre
56,7º,6693,24,Veado
57,8º,6974,19,Pavão
58,9º,6567,17,Macaco
59,10º,6770,18,Porco
,0,1,2,3
0,1º,8428,07,Carneiro
1,2º,6811,03,Burro
2,3º,5344,11,Cavalo
3,4º,3988,22,Tigre
4,5º,3076,19,Pavão
5,6º,8653,14,Gato
6,7º,4839,10,Coelho
7,8º,2148,12,Elefante
8,9º,8148,12,Elefante
9,10º,1435,09,Cobra
10,1º,8537,10,Coelho
11,2º,7806,02,Águia
12,3º,6043,11,Cavalo
13,4º,1968,17,Macaco
14,5º,0399,25,Vaca
15,6º,8761,16,Leão
16,7º,5809,03,Burro
17,8º,3046,12,Elefante
18,9º,7638,10,Coelho
19,10º,0007,02,Águia
20,1º,0944,11,Cavalo
21,2º,7727,07,Carneiro
22,3º,5956,14,Gato
23,4º,1509,03,Burro
24,5º,1086,22,Tigre
25,6º,0751,13,Galo
26,7º,9795,24,Veado
27,8º,4250,13,Galo
28,9º,4769,18,Porco
29,10º,6787,22,Tigre
30,1º,6347,12,Elefante
31,2º,4535,09,Cobra
32,3º,6285,22,Tigre
33,4º,7531,08,Camelo
34,5º,9699,25,Vaca
35,6º,6467,17,Macaco
36,7º,3525,07,Carneiro
37,8º,4383,21,Touro
38,9º,7551,13,Galo
39,10º,6323,06,Cabra
40,1º,3707,02,Águia
41,2º,5156,14,Gato
42,3º,9016,04,Borboleta
43,4º,2328,07,Carneiro
44,5º,4465,17,Macaco
45,6º,3592,23,Urso
46,7º,7103,01,Avestruz
47,8º,0512,03,Burro
48,9º,7668,17,Macaco
49,10º,3547,12,Elefante
50,1º,6291,23,Urso
51,2º,7018,05,Cachorro
52,3º,9931,08,Camelo
53,4º,5369,18,Porco
54,5º,0386,22,Tigre
55,6º,6795,24,Veado
56,7º,2093,24,Veado
57,8º,9136,09,Cobra
58,9º,1819,05,Cachorro
59,10º,8838,10,Coelho
,0,1,2,3
0,1º,8411,03,Burro
1,2º,9187,22,Tigre
2,3º,3620,05,Cachorro
3,4º,1189,23,Urso
4,5º,4504,01,Avestruz
5,6º,8931,08,Camelo
6,7º,4161,16,Leão
7,8º,1828,07,Carneiro
8,9º,1709,03,Burro
9,10º,3540,10,Coelho
10,1º,7665,17,Macaco
11,2º,2462,16,Leão
12,3º,0229,08,Camelo
13,4º,0091,23,Urso
14,5º,3496,24,Veado
15,6º,7200,25,Vaca
16,7º,6420,05,Cachorro
17,8º,6629,08,Camelo
18,9º,5291,23,Urso
19,10º,9483,21,Touro
20,1º,9134,09,Cobra
21,2º,7547,12,Elefante
22,3º,6733,09,Cobra
23,4º,6991,23,Urso
24,5º,6677,20,Peru
25,6º,9766,17,Macaco
26,7º,1579,20,Peru
27,8º,3439,10,Coelho
28,9º,4731,08,Camelo
29,10º,6597,25,Vaca
,0,1,2,3
0,1º,4787,22,Tigre
1,2º,2504,01,Avestruz
2,3º,3714,04,Borboleta
3,4º,3042,11,Cavalo
4,5º,4753,14,Gato
5,6º,4233,09,Cobra
6,7º,7570,18,Porco
7,8º,8014,04,Borboleta
8,9º,7442,11,Cavalo
9,10º,6059,15,Jacaré
10,1º,5395,24,Veado
11,2º,1510,03,Burro
12,3º,5630,08,Camelo
13,4º,6945,12,Elefante
14,5º,1690,23,Urso
15,6º,5156,14,Gato
16,7º,3569,18,Porco
17,8º,9134,09,Cobra
18,9º,5005,02,Águia
19,10º,4034,09,Cobra
20,1º,2705,02,Águia
21,2º,1416,04,Borboleta
22,3º,7864,16,Leão
23,4º,4610,03,Burro
24,5º,2265,17,Macaco
25,6º,2174,19,Pavão
26,7º,7486,22,Tigre
27,8º,0161,16,Leão
28,9º,5640,10,Coelho
29,10º,4321,06,Cabra
30,1º,5820,05,Cachorro
31,2º,5039,10,Coelho
32,3º,5502,01,Avestruz
33,4º,9427,07,Carneiro
34,5º,3774,19,Pavão
35,6º,5559,15,Jacaré
36,7º,8054,14,Gato
37,8º,2302,01,Avestruz
38,9º,0927,07,Carneiro
39,10º,6404,01,Avestruz
40,1º,4891,23,Urso
41,2º,3884,21,Touro
42,3º,9477,20,Peru
43,4º,2120,05,Cachorro
44,5º,5957,15,Jacaré
45,6º,4392,23,Urso
46,7º,8841,11,Cavalo
47,8º,9872,18,Porco
48,9º,1470,18,Porco
49,10º,0904,01,Avestruz
50,1º,9377,20,Peru
51,2º,7980,20,Peru
52,3º,3627,07,Carneiro
53,4º,6243,11,Cavalo
54,5º,1415,04,Borboleta
55,6º,9736,09,Cobra
56,7º,3962,16,Leão
57,8º,7824,06,Cabra
58,9º,7073,19,Pavão
59,10º,7237,10,Coelho
,0,1,2,3
0,1º,4432,08,Camelo
1,2º,2016,04,Borboleta
2,3º,3798,25,Vaca
3,4º,3124,06,Cabra
4,5º,5421,06,Cabra
5,6º,4233,09,Cobra
6,7º,4071,18,Porco
7,8º,3192,23,Urso
8,9º,2684,21,Touro
9,10º,2971,18,Porco
10,1º,3938,10,Coelho
11,2º,5149,13,Galo
12,3º,9728,07,Carneiro
13,4º,2350,13,Galo
14,5º,7778,20,Peru
15,6º,3592,23,Urso
16,7º,9173,19,Pavão
17,8º,3425,07,Carneiro
18,9º,8980,20,Peru
19,10º,4113,04,Borboleta
20,1º,5910,03,Burro
21,2º,5460,15,Jacaré
22,3º,8807,02,Águia
23,4º,6203,01,Avestruz
24,5º,7435,09,Cobra
25,6º,5586,22,Tigre
26,7º,9482,21,Touro
27,8º,1600,25,Vaca
28,9º,0073,19,Pavão
29,10º,0556,14,Gato
30,1º,5917,05,Cachorro
31,2º,4299,25,Vaca
32,3º,7983,21,Touro
33,4º,3152,13,Galo
34,5º,3445,12,Elefante
35,6º,5473,19,Pavão
36,7º,9291,23,Urso
37,8º,1985,22,Tigre
38,9º,7932,08,Camelo
39,10º,9477,20,Peru
40,1º,3002,01,Avestruz
41,2º,4458,15,Jacaré
42,3º,2583,21,Touro
43,4º,3862,16,Leão
44,5º,8938,10,Coelho
45,6º,3423,06,Cabra
46,7º,0458,15,Jacaré
47,8º,0586,22,Tigre
48,9º,2832,08,Camelo
49,10º,0142,11,Cavalo
50,1º,2760,15,Jacaré
51,2º,4994,24,Veado
52,3º,2332,08,Camelo
53,4º,5813,04,Borboleta
54,5º,1214,04,Borboleta
55,6º,2425,07,Carneiro
56,7º,7938,10,Coelho
57,8º,6931,08,Camelo
58,9º,0423,06,Cabra
59,10º,4830,08,Camelo
,0,1,2,3
0,1º,2487,22,Tigre
1,2º,6665,17,Macaco
2,3º,7722,06,Cabra
3,4º,8831,08,Camelo
4,5º,4589,23,Urso
5,6º,2678,20,Peru
6,7º,4678,20,Peru
7,8º,8623,06,Cabra
8,9º,7521,06,Cabra
9,10º,3794,24,Veado
10,1º,0634,09,Cobra
11,2º,4741,11,Cavalo
12,3º,2731,08,Camelo
13,4º,3146,12,Elefante
14,5º,2465,17,Macaco
15,6º,0423,06,Cabra
16,7º,6771,18,Porco
17,8º,3434,09,Cobra
18,9º,4116,04,Borboleta
19,10º,8461,16,Leão
20,1º,8749,13,Galo
21,2º,2656,14,Gato
22,3º,1206,02,Águia
23,4º,0722,06,Cabra
24,5º,9111,03,Burro
25,6º,8210,03,Burro
26,7º,7627,07,Carneiro
27,8º,4502,01,Avestruz
28,9º,9662,16,Leão
29,10º,2445,12,Elefante
30,1º,9092,23,Urso
31,2º,6224,06,Cabra
32,3º,3807,02,Águia
33,4º,2604,01,Avestruz
34,5º,8932,08,Camelo
35,6º,9632,08,Camelo
36,7º,0286,22,Tigre
37,8º,9200,25,Vaca
38,9º,2474,19,Pavão
39,10º,2251,13,Galo
40,1º,9233,09,Cobra
41,2º,1498,25,Vaca
42,3º,7647,12,Elefante
43,4º,8167,17,Macaco
44,5º,4784,21,Touro
45,6º,9178,20,Peru
46,7º,2461,16,Leão
47,8º,3946,12,Elefante
48,9º,3877,20,Peru
49,10º,0791,23,Urso
50,1º,7081,21,Touro
51,2º,7846,12,Elefante
52,3º,1907,02,Águia
53,4º,3267,17,Macaco
54,5º,7231,08,Camelo
55,6º,7713,04,Borboleta
56,7º,0892,23,Urso
57,8º,8406,02,Águia
58,9º,1677,20,Peru
59,10º,6020,05,Cachorro
60,1º,3602,01,Avestruz
61,2º,4559,15,Jacaré
62,3º,4052,13,Galo
63,4º,2295,24,Veado
64,5º,7368,17,Macaco
65,6º,3442,11,Cavalo
66,7º,6502,01,Avestruz
67,8º,0559,15,Jacaré
68,9º,2925,07,Carneiro
69,10º,5304,01,Avestruz
,0,1,2,3
0,1º,5017,05,Cachorro
1,2º,4714,04,Borboleta
2,3º,6511,03,Burro
3,4º,3080,20,Peru
4,5º,4978,20,Peru
5,6º,5463,16,Leão
6,7º,0750,13,Galo
7,8º,1118,05,Cachorro
8,9º,7410,03,Burro
9,10º,9041,11,Cavalo
10,1º,1150,13,Galo
11,2º,4314,04,Borboleta
12,3º,7945,12,Elefante
13,4º,9137,10,Coelho
14,5º,8627,07,Carneiro
15,6º,1479,20,Peru
16,7º,1391,23,Urso
17,8º,5143,11,Cavalo
18,9º,0457,15,Jacaré
19,10º,9643,11,Cavalo
20,1º,4453,14,Gato
21,2º,2235,09,Cobra
22,3º,4326,07,Carneiro
23,4º,9273,19,Pavão
24,5º,9628,07,Carneiro
25,6º,4249,13,Galo
26,7º,4232,08,Camelo
27,8º,5327,07,Carneiro
28,9º,3563,16,Leão
29,10º,7286,22,Tigre
30,1º,2293,24,Veado
31,2º,4560,15,Jacaré
32,3º,2502,01,Avestruz
33,4º,7492,23,Urso
34,5º,4508,02,Águia
35,6º,2427,07,Carneiro
36,7º,2554,14,Gato
37,8º,9609,03,Burro
38,9º,3022,06,Cabra
39,10º,8967,17,Macaco
40,1º,6386,22,Tigre
41,2º,2635,09,Cobra
42,3º,2198,25,Vaca
43,4º,4165,17,Macaco
44,5º,8183,21,Touro
45,6º,6224,06,Cabra
46,7º,3611,03,Burro
47,8º,8396,24,Veado
48,9º,6585,22,Tigre
49,10º,8383,21,Touro
50,1º,4739,10,Coelho
51,2º,0997,25,Vaca
52,3º,1037,10,Coelho
53,4º,2468,17,Macaco
54,5º,5425,07,Carneiro
55,6º,4012,03,Burro
56,7º,7904,01,Avestruz
57,8º,3936,09,Cobra
58,9º,9778,20,Peru
59,10º,0296,24,Veado
,0,1,2,3
0,1º,7861,16,Leão
1,2º,9656,14,Gato
2,3º,1597,25,Vaca
3,4º,8965,17,Macaco
4,5º,7646,12,Elefante
5,6º,7918,05,Cachorro
6,7º,8659,15,Jacaré
7,8º,6596,24,Veado
8,9º,1675,19,Pavão
9,10º,0573,19,Pavão
10,1º,1107,02,Águia
11,2º,7265,17,Macaco
12,3º,5575,19,Pavão
13,4º,5137,10,Coelho
14,5º,7009,03,Burro
15,6º,1755,14,Gato
16,7º,1251,13,Galo
17,8º,0673,19,Pavão
18,9º,7557,15,Jacaré
19,10º,7329,08,Camelo
20,1º,1720,05,Cachorro
21,2º,0480,20,Peru
22,3º,8086,22,Tigre
23,4º,4352,13,Galo
24,5º,8564,16,Leão
25,6º,1084,21,Touro
26,7º,7403,01,Avestruz
27,8º,2885,22,Tigre
28,9º,0062,16,Leão
29,10º,4636,09,Cobra
30,1º,7279,20,Peru
31,2º,1550,13,Galo
32,3º,6315,04,Borboleta
33,4º,3213,04,Borboleta
34,5º,8004,01,Avestruz
35,6º,7163,16,Leão
36,7º,2532,08,Camelo
37,8º,7511,03,Burro
38,9º,9053,14,Gato
39,10º,2620,05,Cachorro
40,1º,3133,09,Cobra
41,2º,2781,21,Touro
42,3º,1699,25,Vaca
43,4º,2504,01,Avestruz
44,5º,3138,10,Coelho
45,6º,3212,03,Burro
46,7º,1765,17,Macaco
47,8º,3890,23,Urso
48,9º,3194,24,Veado
49,10º,5316,04,Borboleta
50,1º,1137,10,Coelho
51,2º,8880,20,Peru
52,3º,8303,01,Avestruz
53,4º,1346,12,Elefante
54,5º,5030,08,Camelo
55,6º,1881,21,Touro
56,7º,1833,09,Cobra
57,8º,3804,01,Avestruz
58,9º,7036,09,Cobra
59,10º,9250,13,Galo
,0,1,2,3
0,1º,5070,18,Porco
1,2º,8274,19,Pavão
2,3º,4029,08,Camelo
3,4º,1820,05,Cachorro
4,5º,6175,19,Pavão
5,6º,5841,11,Cavalo
6,7º,0208,02,Águia
7,8º,7722,06,Cabra
8,9º,0490,23,Urso
9,10º,9629,08,Camelo
10,1º,3192,23,Urso
11,2º,8265,17,Macaco
12,3º,2931,08,Camelo
13,4º,5150,13,Galo
14,5º,6158,15,Jacaré
15,6º,3825,07,Carneiro
16,7º,1291,23,Urso
17,8º,9635,09,Cobra
18,9º,2510,03,Burro
19,10º,2957,15,Jacaré
20,1º,9856,14,Gato
21,2º,1098,25,Vaca
22,3º,8127,07,Carneiro
23,4º,7696,24,Veado
24,5º,1953,14,Gato
25,6º,9187,22,Tigre
26,7º,8016,04,Borboleta
27,8º,5929,08,Camelo
28,9º,6876,19,Pavão
29,10º,8738,10,Coelho
30,1º,4026,07,Carneiro
31,2º,1118,05,Cachorro
32,3º,6151,13,Galo
33,4º,8390,23,Urso
34,5º,4049,13,Galo
35,6º,4168,17,Macaco
36,7º,0113,04,Borboleta
37,8º,2159,15,Jacaré
38,9º,6810,03,Burro
39,10º,6984,21,Touro
40,1º,8123,06,Cabra
41,2º,6982,21,Touro
42,3º,8829,08,Camelo
43,4º,8335,09,Cobra
44,5º,8733,09,Cobra
45,6º,8688,22,Tigre
46,7º,1983,21,Touro
47,8º,2823,06,Cabra
48,9º,3295,24,Veado
49,10º,7791,23,Urso
50,1º,9186,22,Tigre
51,2º,7123,06,Cabra
52,3º,4821,06,Cabra
53,4º,4002,01,Avestruz
54,5º,9085,22,Tigre
55,6º,9744,11,Cavalo
56,7º,1180,20,Peru
57,8º,8220,05,Cachorro
58,9º,6312,03,Burro
59,10º,9673,19,Pavão
60,1º,2793,24,Veado
61,2º,0730,08,Camelo
62,3º,5019,05,Cachorro
63,4º,2130,08,Camelo
64,5º,3314,04,Borboleta
65,6º,2052,13,Galo
66,7º,7701,01,Avestruz
67,8º,9313,04,Borboleta
68,9º,3090,23,Urso
69,10º,6142,11,Cavalo
,0,1,2,3
0,1º,6729,08,Camelo
1,2º,5899,25,Vaca
2,3º,2137,10,Coelho
3,4º,5325,07,Carneiro
4,5º,0002,01,Avestruz
5,6º,6525,07,Carneiro
6,7º,7813,04,Borboleta
7,8º,2932,08,Camelo
8,9º,9975,19,Pavão
9,10º,7337,10,Coelho
10,1º,5818,05,Cachorro
11,2º,5647,12,Elefante
12,3º,4910,03,Burro
13,4º,6702,01,Avestruz
14,5º,1664,16,Leão
15,6º,5546,12,Elefante
16,7º,8697,25,Vaca
17,8º,1410,03,Burro
18,9º,8702,01,Avestruz
19,10º,9096,24,Veado
20,1º,6871,18,Porco
21,2º,8730,08,Camelo
22,3º,7593,24,Veado
23,4º,7738,10,Coelho
24,5º,2153,14,Gato
25,6º,6877,20,Peru
26,7º,8757,15,Jacaré
27,8º,7393,24,Veado
28,9º,1038,10,Coelho
29,10º,7150,13,Galo
30,1º,7881,21,Touro
31,2º,2410,03,Burro
32,3º,6573,19,Pavão
33,4º,0798,25,Vaca
34,5º,6179,20,Peru
35,6º,7260,15,Jacaré
36,7º,8457,15,Jacaré
37,8º,8179,20,Peru
38,9º,1038,10,Coelho
39,10º,8775,19,Pavão
40,1º,1935,09,Cobra
41,2º,0269,18,Porco
42,3º,9870,18,Porco
43,4º,2330,08,Camelo
44,5º,9927,07,Carneiro
45,6º,1092,23,Urso
46,7º,9283,21,Touro
47,8º,3673,19,Pavão
48,9º,5900,25,Vaca
49,10º,4279,20,Peru
,0,1,2,3
0,1º,1958,15,Jacaré
1,2º,4006,02,Águia
2,3º,1819,05,Cachorro
3,4º,2383,21,Touro
4,5º,9686,22,Tigre
5,6º,1412,03,Burro
6,7º,9083,21,Touro
7,8º,5018,05,Cachorro
8,9º,8693,24,Veado
9,10º,4058,15,Jacaré
10,1º,8356,14,Gato
11,2º,5481,21,Touro
12,3º,8227,07,Carneiro
13,4º,8743,11,Cavalo
14,5º,4062,16,Leão
15,6º,8588,22,Tigre
16,7º,3427,07,Carneiro
17,8º,5824,06,Cabra
18,9º,6173,19,Pavão
19,10º,8881,21,Touro
20,1º,6996,24,Veado
21,2º,2688,22,Tigre
22,3º,4981,21,Touro
23,4º,6222,06,Cabra
24,5º,0485,22,Tigre
25,6º,6246,12,Elefante
26,7º,9692,23,Urso
27,8º,9882,21,Touro
28,9º,6812,03,Burro
29,10º,4004,01,Avestruz
30,1º,4796,24,Veado
31,2º,3231,08,Camelo
32,3º,1318,05,Cachorro
33,4º,1091,23,Urso
34,5º,7624,06,Cabra
35,6º,4311,03,Burro
36,7º,7230,08,Camelo
37,8º,9319,05,Cachorro
38,9º,6181,21,Touro
39,10º,5101,01,Avestruz
40,1º,0196,24,Veado
41,2º,7303,01,Avestruz
42,3º,9954,14,Gato
43,4º,6648,12,Elefante
44,5º,1606,02,Águia
45,6º,0796,24,Veado
46,7º,1396,24,Veado
47,8º,9054,14,Gato
48,9º,6348,12,Elefante
49,10º,3301,01,Avestruz
50,1º,2370,18,Porco
51,2º,8957,15,Jacaré
52,3º,8767,17,Macaco
53,4º,3249,13,Galo
54,5º,5154,14,Gato
55,6º,2883,21,Touro
56,7º,3972,18,Porco
57,8º,7564,16,Leão
58,9º,0779,20,Peru
59,10º,3695,24,Veado
,0,1,2,3
0,1º,2544,11,Cavalo
1,2º,3846,12,Elefante
2,3º,1380,20,Peru
3,4º,0097,25,Vaca
4,5º,2118,05,Cachorro
5,6º,2310,03,Burro
6,7º,5830,08,Camelo
7,8º,4489,23,Urso
8,9º,4607,02,Águia
9,10º,7221,06,Cabra
10,1º,3412,03,Burro
11,2º,5890,23,Urso
12,3º,5902,01,Avestruz
13,4º,5059,15,Jacaré
14,5º,1907,02,Águia
15,6º,3555,14,Gato
16,7º,4890,23,Urso
17,8º,1905,02,Águia
18,9º,2029,08,Camelo
19,10º,4549,13,Galo
20,1º,5372,18,Porco
21,2º,7032,08,Camelo
22,3º,2219,05,Cachorro
23,4º,8218,05,Cachorro
24,5º,7786,22,Tigre
25,6º,5728,07,Carneiro
26,7º,3022,06,Cabra
27,8º,7311,03,Burro
28,9º,2298,25,Vaca
29,10º,8986,22,Tigre
30,1º,6032,08,Camelo
31,2º,0823,06,Cabra
32,3º,6945,12,Elefante
33,4º,5113,04,Borboleta
34,5º,8667,17,Macaco
35,6º,6065,17,Macaco
36,7º,0891,23,Urso
37,8º,3241,11,Cavalo
38,9º,2353,14,Gato
39,10º,0130,08,Camelo
40,1º,7908,02,Águia
41,2º,0701,01,Avestruz
42,3º,7155,14,Gato
43,4º,6812,03,Burro
44,5º,9124,06,Cabra
45,6º,7076,19,Pavão
46,7º,9718,05,Cachorro
47,8º,0051,13,Galo
48,9º,8152,13,Galo
49,10º,6697,25,Vaca
50,1º,8869,18,Porco
51,2º,1357,15,Jacaré
52,3º,3144,11,Cavalo
53,4º,6020,05,Cachorro
54,5º,7399,25,Vaca
55,6º,8136,09,Cobra
56,7º,8310,03,Burro
57,8º,6542,11,Cavalo
58,9º,9740,10,Coelho
59,10º,9517,05,Cachorro
60,1º,1422,06,Cabra
61,2º,8243,11,Cavalo
62,3º,3594,24,Veado
63,4º,5229,08,Camelo
64,5º,2710,03,Burro
65,6º,1835,09,Cobra
66,7º,4252,13,Galo
67,8º,2492,23,Urso
68,9º,2349,13,Galo
69,10º,2126,07,Carneiro
,0,1,2,3
0,1º,2029,08,Camelo
1,2º,4970,18,Porco
2,3º,8929,08,Camelo
3,4º,8246,12,Elefante
4,5º,6336,09,Cobra
5,6º,2488,22,Tigre
6,7º,0992,23,Urso
7,8º,2724,06,Cabra
8,9º,9096,24,Veado
9,10º,5810,03,Burro
10,1º,1921,06,Cabra
11,2º,6295,24,Veado
12,3º,0798,25,Vaca
13,4º,6083,21,Touro
14,5º,8000,25,Vaca
15,6º,1606,02,Águia
16,7º,9270,18,Porco
17,8º,2998,25,Vaca
18,9º,1583,21,Touro
19,10º,8554,14,Gato
20,1º,8588,22,Tigre
21,2º,9111,03,Burro
22,3º,3351,13,Galo
23,4º,7238,10,Coelho
24,5º,1815,04,Borboleta
25,6º,8937,10,Coelho
26,7º,5132,08,Camelo
27,8º,8153,14,Gato
28,9º,8118,05,Cachorro
29,10º,0443,11,Cavalo
,0,1,2,3
0,1º,6796,24,Veado
1,2º,6424,06,Cabra
2,3º,2912,03,Burro
3,4º,1065,17,Macaco
4,5º,1336,09,Cobra
5,6º,6621,06,Cabra
6,7º,7490,23,Urso
7,8º,9216,04,Borboleta
8,9º,6425,07,Carneiro
9,10º,8285,22,Tigre
10,1º,1699,25,Vaca
11,2º,5853,14,Gato
12,3º,1087,22,Tigre
13,4º,7758,15,Jacaré
14,5º,1882,21,Touro
15,6º,1517,05,Cachorro
16,7º,6807,02,Águia
17,8º,9585,22,Tigre
18,9º,9378,20,Peru
19,10º,5566,17,Macaco
20,1º,5362,16,Leão
21,2º,6160,15,Jacaré
22,3º,2926,07,Carneiro
23,4º,9742,11,Cavalo
24,5º,7955,14,Gato
25,6º,5629,08,Camelo
26,7º,3197,25,Vaca
27,8º,6624,06,Cabra
28,9º,2062,16,Leão
29,10º,9657,15,Jacaré
30,1º,8325,07,Carneiro
31,2º,0805,02,Águia
32,3º,5807,02,Águia
33,4º,2747,12,Elefante
34,5º,3242,11,Cavalo
35,6º,8052,13,Galo
36,7º,3887,22,Tigre
37,8º,2004,01,Avestruz
38,9º,5577,20,Peru
39,10º,0446,12,Elefante
40,1º,1070,18,Porco
41,2º,9613,04,Borboleta
42,3º,7500,25,Vaca
43,4º,3959,15,Jacaré
44,5º,0906,02,Águia
45,6º,1973,19,Pavão
46,7º,0659,15,Jacaré
47,8º,7105,02,Águia
48,9º,0309,03,Burro
49,10º,3094,24,Veado
50,1º,0113,04,Borboleta
51,2º,7920,05,Cachorro
52,3º,0989,23,Urso
53,4º,1879,20,Peru
54,5º,7864,16,Leão
55,6º,0701,01,Avestruz
56,7º,1998,25,Vaca
57,8º,1287,22,Tigre
58,9º,3099,25,Vaca
59,10º,5850,13,Galo
,0,1,2,3
0,1º,9572,18,Porco
1,2º,2431,08,Camelo
2,3º,1893,24,Veado
3,4º,3371,18,Porco
4,5º,4190,23,Urso
5,6º,9213,04,Borboleta
6,7º,5483,21,Touro
7,8º,7397,25,Vaca
8,9º,2131,08,Camelo
9,10º,5681,21,Touro
10,1º,0403,01,Avestruz
11,2º,6606,02,Águia
12,3º,5070,18,Porco
13,4º,5417,05,Cachorro
14,5º,0537,10,Coelho
15,6º,0655,14,Gato
16,7º,4604,01,Avestruz
17,8º,0071,18,Porco
18,9º,3607,02,Águia
19,10º,6970,18,Porco
20,1º,3230,08,Camelo
21,2º,3973,19,Pavão
22,3º,8821,06,Cabra
23,4º,4952,13,Galo
24,5º,1050,13,Galo
25,6º,3384,21,Touro
26,7º,2989,23,Urso
27,8º,3725,07,Carneiro
28,9º,0312,03,Burro
29,10º,2436,09,Cobra
30,1º,0023,06,Cabra
31,2º,9914,04,Borboleta
32,3º,3789,23,Urso
33,4º,4740,10,Coelho
34,5º,4645,12,Elefante
35,6º,0934,09,Cobra
36,7º,0977,20,Peru
37,8º,2184,21,Touro
38,9º,3490,23,Urso
39,10º,0696,24,Veado
40,1º,8543,11,Cavalo
41,2º,5743,11,Cavalo
42,3º,6565,17,Macaco
43,4º,4502,01,Avestruz
44,5º,9956,14,Gato
45,6º,8564,16,Leão
46,7º,5755,14,Gato
47,8º,4460,15,Jacaré
48,9º,3352,13,Galo
49,10º,7440,10,Coelho
50,1º,0053,14,Gato
51,2º,9748,12,Elefante
52,3º,4830,08,Camelo
53,4º,6129,08,Camelo
54,5º,1168,17,Macaco
55,6º,0946,12,Elefante
56,7º,0781,21,Touro
57,8º,5432,08,Camelo
58,9º,3809,03,Burro
59,10º,2896,24,Veado
,0,1,2,3
0,1º,1985,22,Tigre
1,2º,4668,17,Macaco
2,3º,5048,12,Elefante
3,4º,5825,07,Carneiro
4,5º,5818,05,Cachorro
5,6º,1455,14,Gato
6,7º,9608,02,Águia
7,8º,8642,11,Cavalo
8,9º,5885,22,Tigre
9,10º,8934,09,Cobra
10,1º,0101,01,Avestruz
11,2º,7909,03,Burro
12,3º,1408,02,Águia
13,4º,1800,25,Vaca
14,5º,4795,24,Veado
15,6º,0711,03,Burro
16,7º,1948,12,Elefante
17,8º,0000,25,Vaca
18,9º,1980,20,Peru
19,10º,0652,13,Galo
20,1º,0774,19,Pavão
21,2º,2811,03,Burro
22,3º,6339,10,Coelho
23,4º,0099,25,Vaca
24,5º,8451,13,Galo
25,6º,0260,15,Jacaré
26,7º,7830,08,Camelo
27,8º,7139,10,Coelho
28,9º,4199,25,Vaca
29,10º,7902,01,Avestruz
30,1º,7263,16,Leão
31,2º,0710,03,Burro
32,3º,8744,11,Cavalo
33,4º,7910,03,Burro
34,5º,0155,14,Gato
35,6º,7087,22,Tigre
36,7º,2779,20,Peru
37,8º,6141,11,Cavalo
38,9º,3040,10,Coelho
39,10º,3829,08,Camelo
40,1º,7082,21,Touro
41,2º,0020,05,Cachorro
42,3º,2304,01,Avestruz
43,4º,0628,07,Carneiro
44,5º,7270,18,Porco
45,6º,7020,05,Cachorro
46,7º,0036,09,Cobra
47,8º,8202,01,Avestruz
48,9º,2048,12,Elefante
49,10º,4610,03,Burro
50,1º,9631,08,Camelo
51,2º,2916,04,Borboleta
52,3º,3074,19,Pavão
53,4º,7735,09,Cobra
54,5º,7055,14,Gato
55,6º,9237,10,Coelho
56,7º,6907,02,Águia
57,8º,3173,19,Pavão
58,9º,1645,12,Elefante
59,10º,1373,19,Pavão
,0,1,2,3
0,1º,4886,22,Tigre
1,2º,7794,24,Veado
2,3º,5917,05,Cachorro
3,4º,8603,01,Avestruz
4,5º,3155,14,Gato
5,6º,4758,15,Jacaré
6,7º,8796,24,Veado
7,8º,8910,03,Burro
8,9º,6473,19,Pavão
9,10º,9292,23,Urso
10,1º,5260,15,Jacaré
11,2º,5481,21,Touro
12,3º,5615,04,Borboleta
13,4º,7352,13,Galo
14,5º,2700,25,Vaca
15,6º,5557,15,Jacaré
16,7º,2463,16,Leão
17,8º,6815,04,Borboleta
18,9º,0152,13,Galo
19,10º,1395,24,Veado
20,1º,7541,11,Cavalo
21,2º,9060,15,Jacaré
22,3º,8537,10,Coelho
23,4º,3743,11,Cavalo
24,5º,8479,20,Peru
25,6º,7983,21,Touro
26,7º,5057,15,Jacaré
27,8º,4634,09,Cobra
28,9º,1073,19,Pavão
29,10º,6107,02,Águia
30,1º,5586,22,Tigre
31,2º,3492,23,Urso
32,3º,4110,03,Burro
33,4º,3786,22,Tigre
34,5º,1718,05,Cachorro
35,6º,5343,11,Cavalo
36,7º,5417,05,Cachorro
37,8º,8918,05,Cachorro
38,9º,6206,02,Águia
39,10º,4576,19,Pavão
40,1º,5847,12,Elefante
41,2º,9620,05,Cachorro
42,3º,8669,18,Porco
43,4º,1438,10,Coelho
44,5º,2264,16,Leão
45,6º,5981,21,Touro
46,7º,8664,16,Leão
47,8º,4263,16,Leão
48,9º,7098,25,Vaca
49,10º,3844,11,Cavalo
50,1º,8311,03,Burro
51,2º,6852,13,Galo
52,3º,0112,03,Burro
53,4º,1246,12,Elefante
54,5º,4437,10,Coelho
55,6º,8601,01,Avestruz
56,7º,3812,03,Burro
57,8º,1514,04,Borboleta
58,9º,1226,07,Carneiro
59,10º,6111,03,Burro
,0,1,2,3
0,1º,1388,22,Tigre
1,2º,0729,08,Camelo
2,3º,8552,13,Galo
3,4º,6279,20,Peru
4,5º,6934,09,Cobra
5,6º,1086,22,Tigre
6,7º,3752,13,Galo
7,8º,8257,15,Jacaré
8,9º,8929,08,Camelo
9,10º,5906,02,Águia
10,1º,0579,20,Peru
11,2º,0828,07,Carneiro
12,3º,0674,19,Pavão
13,4º,0829,08,Camelo
14,5º,6133,09,Cobra
15,6º,0000,25,Vaca
16,7º,5868,17,Macaco
17,8º,7272,18,Porco
18,9º,9849,13,Galo
19,10º,2032,08,Camelo
20,1º,6213,04,Borboleta
21,2º,1318,05,Cachorro
22,3º,1268,17,Macaco
23,4º,0243,11,Cavalo
24,5º,5981,21,Touro
25,6º,6110,03,Burro
26,7º,2322,06,Cabra
27,8º,1164,16,Leão
28,9º,3883,21,Touro
29,10º,8502,01,Avestruz
30,1º,7547,12,Elefante
31,2º,0926,07,Carneiro
32,3º,8086,22,Tigre
33,4º,1414,04,Borboleta
34,5º,2656,14,Gato
35,6º,7081,21,Touro
36,7º,5904,01,Avestruz
37,8º,4281,21,Touro
38,9º,7664,16,Leão
39,10º,5559,15,Jacaré
40,1º,5680,20,Peru
41,2º,0174,19,Pavão
42,3º,6195,24,Veado
43,4º,9005,02,Águia
44,5º,0528,07,Carneiro
45,6º,5069,18,Porco
46,7º,6110,03,Burro
47,8º,8790,23,Urso
48,9º,0455,14,Gato
49,10º,2006,02,Águia
50,1º,5679,20,Peru
51,2º,3393,24,Veado
52,3º,4898,25,Vaca
53,4º,9971,18,Porco
54,5º,9967,17,Macaco
55,6º,5349,13,Galo
56,7º,6389,23,Urso
57,8º,7997,25,Vaca
58,9º,9381,21,Touro
59,10º,3024,06,Cabra
,0,1,2,3
0,1º,3432,08,Camelo
1,2º,7755,14,Gato
2,3º,0583,21,Touro
3,4º,8563,16,Leão
4,5º,4049,13,Galo
5,6º,3708,02,Águia
6,7º,4755,14,Gato
7,8º,3586,22,Tigre
8,9º,2533,09,Cobra
9,10º,8964,16,Leão
10,1º,5295,24,Veado
11,2º,3037,10,Coelho
12,3º,3427,07,Carneiro
13,4º,4369,18,Porco
14,5º,5311,03,Burro
15,6º,5334,09,Cobra
16,7º,2043,11,Cavalo
17,8º,9326,07,Carneiro
18,9º,5779,20,Peru
19,10º,3921,06,Cabra
20,1º,6478,20,Peru
21,2º,3132,08,Camelo
22,3º,2480,20,Peru
23,4º,8739,10,Coelho
24,5º,2586,22,Tigre
25,6º,6328,07,Carneiro
26,7º,4147,12,Elefante
27,8º,7383,21,Touro
28,9º,8209,03,Burro
29,10º,9482,21,Touro
30,1º,2427,07,Carneiro
31,2º,7088,22,Tigre
32,3º,9817,05,Cachorro
33,4º,6071,18,Porco
34,5º,0177,20,Peru
35,6º,2796,24,Veado
36,7º,4080,20,Peru
37,8º,2817,05,Cachorro
38,9º,7871,18,Porco
39,10º,3144,11,Cavalo
40,1º,6738,10,Coelho
41,2º,5669,18,Porco
42,3º,3475,19,Pavão
43,4º,6349,13,Galo
44,5º,9181,21,Touro
45,6º,6536,09,Cobra
46,7º,7643,11,Cavalo
47,8º,3674,19,Pavão
48,9º,8959,15,Jacaré
49,10º,8224,06,Cabra
50,1º,5273,19,Pavão
51,2º,2619,05,Cachorro
52,3º,7938,10,Coelho
53,4º,7887,22,Tigre
54,5º,5441,11,Cavalo
55,6º,5277,20,Peru
56,7º,2698,25,Vaca
57,8º,7138,10,Coelho
58,9º,3987,22,Tigre
59,10º,8258,15,Jacaré
60,1º,1094,24,Veado
61,2º,5168,17,Macaco
62,3º,5037,10,Coelho
63,4º,4887,22,Tigre
64,5º,6005,02,Águia
65,6º,1554,14,Gato
66,7º,0108,02,Águia
67,8º,9638,10,Coelho
68,9º,4877,20,Peru
69,10º,8368,17,Macaco
,0,1,2,3
0,1º,3432,08,Camelo
1,2º,7755,14,Gato
2,3º,0583,21,Touro
3,4º,8563,16,Leão
4,5º,4049,13,Galo
5,6º,3708,02,Águia
6,7º,4755,14,Gato
7,8º,3586,22,Tigre
8,9º,2533,09,Cobra
9,10º,8964,16,Leão
10,1º,5295,24,Veado
11,2º,3037,10,Coelho
12,3º,3427,07,Carneiro
13,4º,4369,18,Porco
14,5º,5311,03,Burro
15,6º,5334,09,Cobra
16,7º,2043,11,Cavalo
17,8º,9326,07,Carneiro
18,9º,5779,20,Peru
19,10º,3921,06,Cabra
20,1º,6478,20,Peru
21,2º,3132,08,Camelo
22,3º,2480,20,Peru
23,4º,8739,10,Coelho
24,5º,2586,22,Tigre
25,6º,6328,07,Carneiro
26,7º,4147,12,Elefante
27,8º,7383,21,Touro
28,9º,8209,03,Burro
29,10º,9482,21,Touro
30,1º,2427,07,Carneiro
31,2º,7088,22,Tigre
32,3º,9817,05,Cachorro
33,4º,6071,18,Porco
34,5º,0177,20,Peru
35,6º,2796,24,Veado
36,7º,4080,20,Peru
37,8º,2817,05,Cachorro
38,9º,7871,18,Porco
39,10º,3144,11,Cavalo
40,1º,6738,10,Coelho
41,2º,5669,18,Porco
42,3º,3475,19,Pavão
43,4º,6349,13,Galo
44,5º,9181,21,Touro
45,6º,6536,09,Cobra
46,7º,7643,11,Cavalo
47,8º,3674,19,Pavão
48,9º,8959,15,Jacaré
49,10º,8224,06,Cabra
50,1º,5273,19,Pavão
51,2º,2619,05,Cachorro
52,3º,7938,10,Coelho
53,4º,7887,22,Tigre
54,5º,5441,11,Cavalo
55,6º,5277,20,Peru
56,7º,2698,25,Vaca
57,8º,7138,10,Coelho
58,9º,3987,22,Tigre
59,10º,8258,15,Jacaré
60,1º,1094,24,Veado
61,2º,5168,17,Macaco
62,3º,5037,10,Coelho
63,4º,4887,22,Tigre
64,5º,6005,02,Águia
65,6º,1554,14,Gato
66,7º,0108,02,Águia
67,8º,9638,10,Coelho
68,9º,4877,20,Peru
69,10º,8368,17,Macaco
,0,1,2,3
0,1º,8894,24,Veado
1,2º,2506,02,Águia
2,3º,1383,21,Touro
3,4º,2076,19,Pavão
4,5º,7805,02,Águia
5,6º,8212,03,Burro
6,7º,8530,08,Camelo
7,8º,9087,22,Tigre
8,9º,4636,09,Cobra
9,10º,3129,08,Camelo
10,1º,9741,11,Cavalo
11,2º,0542,11,Cavalo
12,3º,2985,22,Tigre
13,4º,7695,24,Veado
14,5º,0783,21,Touro
15,6º,9027,07,Carneiro
16,7º,7596,24,Veado
17,8º,4489,23,Urso
18,9º,1255,14,Gato
19,10º,4113,04,Borboleta
20,1º,4072,18,Porco
21,2º,7527,07,Carneiro
22,3º,5776,19,Pavão
23,4º,9385,22,Tigre
24,5º,8761,16,Leão
25,6º,4759,15,Jacaré
26,7º,0573,19,Pavão
27,8º,7278,20,Peru
28,9º,2765,17,Macaco
29,10º,0896,24,Veado
,0,1,2,3
0,1º,0668,17,Macaco
1,2º,7584,21,Touro
2,3º,2324,06,Cabra
3,4º,3885,22,Tigre
4,5º,9109,03,Burro
5,6º,0723,06,Cabra
6,7º,6538,10,Coelho
7,8º,6828,07,Carneiro
8,9º,8445,12,Elefante
9,10º,6104,01,Avestruz
10,1º,5674,19,Pavão
11,2º,9916,04,Borboleta
12,3º,7204,01,Avestruz
13,4º,7787,22,Tigre
14,5º,6458,15,Jacaré
15,6º,5977,20,Peru
16,7º,6927,07,Carneiro
17,8º,7108,02,Águia
18,9º,4647,12,Elefante
19,10º,1698,25,Vaca
20,1º,4573,19,Pavão
21,2º,7828,07,Carneiro
22,3º,3104,01,Avestruz
23,4º,2002,01,Avestruz
24,5º,6568,17,Macaco
25,6º,4732,08,Camelo
26,7º,5810,03,Burro
27,8º,7200,25,Vaca
28,9º,3842,11,Cavalo
29,10º,5659,15,Jacaré
30,1º,2871,18,Porco
31,2º,5725,07,Carneiro
32,3º,0655,14,Gato
33,4º,8483,21,Touro
34,5º,8144,11,Cavalo
35,6º,2508,02,Águia
36,7º,8764,16,Leão
37,8º,7258,15,Jacaré
38,9º,1553,14,Gato
39,10º,5961,16,Leão
40,1º,7752,13,Galo
41,2º,5199,25,Vaca
42,3º,2235,09,Cobra
43,4º,2109,03,Burro
44,5º,0740,10,Coelho
45,6º,7522,06,Cabra
46,7º,7121,06,Cabra
47,8º,5930,08,Camelo
48,9º,2959,15,Jacaré
49,10º,1567,17,Macaco
50,1º,0988,22,Tigre
51,2º,8069,18,Porco
52,3º,9984,21,Touro
53,4º,6255,14,Gato
54,5º,5360,15,Jacaré
55,6º,0896,24,Veado
56,7º,9092,23,Urso
57,8º,8685,22,Tigre
58,9º,8945,12,Elefante
59,10º,8274,19,Pavão
,0,1,2,3
0,1º,4151,13,Galo
1,2º,2316,04,Borboleta
2,3º,8505,02,Águia
3,4º,4180,20,Peru
4,5º,1250,13,Galo
5,6º,4284,21,Touro
6,7º,1351,13,Galo
7,8º,5108,02,Águia
8,9º,1650,13,Galo
9,10º,2795,24,Veado
10,1º,0986,22,Tigre
11,2º,1757,15,Jacaré
12,3º,5013,04,Borboleta
13,4º,0345,12,Elefante
14,5º,6856,14,Gato
15,6º,0150,13,Galo
16,7º,9703,01,Avestruz
17,8º,8514,04,Borboleta
18,9º,6735,09,Cobra
19,10º,0059,15,Jacaré
20,1º,2180,20,Peru
21,2º,3629,08,Camelo
22,3º,0704,01,Avestruz
23,4º,7353,14,Gato
24,5º,7397,25,Vaca
25,6º,2307,02,Águia
26,7º,1673,19,Pavão
27,8º,8205,02,Águia
28,9º,0943,11,Cavalo
29,10º,4391,23,Urso
30,1º,7439,10,Coelho
31,2º,7045,12,Elefante
32,3º,3825,07,Carneiro
33,4º,2450,13,Galo
34,5º,9385,22,Tigre
35,6º,7732,08,Camelo
36,7º,4084,21,Touro
37,8º,3425,07,Carneiro
38,9º,9550,13,Galo
39,10º,4935,09,Cobra
40,1º,7716,04,Borboleta
41,2º,9005,02,Águia
42,3º,7523,06,Cabra
43,4º,9623,06,Cabra
44,5º,0504,01,Avestruz
45,6º,7979,20,Peru
46,7º,7056,14,Gato
47,8º,1022,06,Cabra
48,9º,6533,09,Cobra
49,10º,6961,16,Leão
50,1º,3733,09,Cobra
51,2º,4663,16,Leão
52,3º,7155,14,Gato
53,4º,4197,25,Vaca
54,5º,2203,01,Avestruz
55,6º,3474,19,Pavão
56,7º,7611,03,Burro
57,8º,3659,15,Jacaré
58,9º,3357,15,Jacaré
59,10º,0052,13,Galo
,0,1,2,3
0,1º,2492,23,Urso
1,2º,7770,18,Porco
2,3º,8694,24,Veado
3,4º,1568,17,Macaco
4,5º,1092,23,Urso
5,6º,2781,21,Touro
6,7º,4765,17,Macaco
7,8º,9796,24,Veado
8,9º,2048,12,Elefante
9,10º,1006,02,Águia
10,1º,7433,09,Cobra
11,2º,6452,13,Galo
12,3º,2467,17,Macaco
13,4º,2172,18,Porco
14,5º,0554,14,Gato
15,6º,7622,06,Cabra
16,7º,4441,11,Cavalo
17,8º,3567,17,Macaco
18,9º,3272,18,Porco
19,10º,7980,20,Peru
20,1º,3235,09,Cobra
21,2º,2468,17,Macaco
22,3º,8294,24,Veado
23,4º,7601,01,Avestruz
24,5º,0383,21,Touro
25,6º,3287,22,Tigre
26,7º,2426,07,Carneiro
27,8º,3690,23,Urso
28,9º,5841,11,Cavalo
29,10º,7225,07,Carneiro
30,1º,2304,01,Avestruz
31,2º,8571,18,Porco
32,3º,7732,08,Camelo
33,4º,7864,16,Leão
34,5º,4676,19,Pavão
35,6º,2877,20,Peru
36,7º,3578,20,Peru
37,8º,0736,09,Cobra
38,9º,4124,06,Cabra
39,10º,2462,16,Leão
40,1º,9448,12,Elefante
41,2º,4864,16,Leão
42,3º,9905,02,Águia
43,4º,1988,22,Tigre
44,5º,0999,25,Vaca
45,6º,9491,23,Urso
46,7º,4899,25,Vaca
47,8º,4608,02,Águia
48,9º,8458,15,Jacaré
49,10º,4660,15,Jacaré
50,1º,6275,19,Pavão
51,2º,0467,17,Macaco
52,3º,9240,10,Coelho
53,4º,9567,17,Macaco
54,5º,6350,13,Galo
55,6º,6099,25,Vaca
56,7º,2425,07,Carneiro
57,8º,7646,12,Elefante
58,9º,5707,02,Águia
59,10º,3776,19,Pavão
60,1º,7550,13,Galo
61,2º,2852,13,Galo
62,3º,4057,15,Jacaré
63,4º,3031,08,Camelo
64,5º,3319,05,Cachorro
65,6º,7243,11,Cavalo
66,7º,5800,25,Vaca
67,8º,5553,14,Gato
68,9º,0271,18,Porco
69,10º,9676,19,Pavão
,0,1,2,3
0,1º,9032,08,Camelo
1,2º,4011,03,Burro
2,3º,9404,01,Avestruz
3,4º,6885,22,Tigre
4,5º,0910,03,Burro
5,6º,9496,24,Veado
6,7º,0048,12,Elefante
7,8º,3108,02,Águia
8,9º,2145,12,Elefante
9,10º,5039,10,Coelho
10,1º,9662,16,Leão
11,2º,6067,17,Macaco
12,3º,9605,02,Águia
13,4º,7184,21,Touro
14,5º,3616,04,Borboleta
15,6º,9697,25,Vaca
16,7º,6061,16,Leão
17,8º,6608,02,Águia
18,9º,2754,14,Gato
19,10º,1254,14,Gato
20,1º,8837,10,Coelho
21,2º,2101,01,Avestruz
22,3º,5031,08,Camelo
23,4º,3260,15,Jacaré
24,5º,7209,03,Burro
25,6º,8253,14,Gato
26,7º,8102,01,Avestruz
27,8º,3036,09,Cobra
28,9º,7110,03,Burro
29,10º,2939,10,Coelho
30,1º,3132,08,Camelo
31,2º,3454,14,Gato
32,3º,1877,20,Peru
33,4º,8751,13,Galo
34,5º,0060,15,Jacaré
35,6º,3318,05,Cachorro
36,7º,1487,22,Tigre
37,8º,3575,19,Pavão
38,9º,2471,18,Porco
39,10º,8125,07,Carneiro
40,1º,0914,04,Borboleta
41,2º,6408,02,Águia
42,3º,0674,19,Pavão
43,4º,8652,13,Galo
44,5º,4175,19,Pavão
45,6º,0608,02,Águia
46,7º,9466,17,Macaco
47,8º,1075,19,Pavão
48,9º,4842,11,Cavalo
49,10º,6814,04,Borboleta
50,1º,8998,25,Vaca
51,2º,8781,21,Touro
52,3º,4132,08,Camelo
53,4º,3502,01,Avestruz
54,5º,2698,25,Vaca
55,6º,8843,11,Cavalo
56,7º,9715,04,Borboleta
57,8º,9830,08,Camelo
58,9º,8122,06,Cabra
59,10º,4621,06,Cabra
,0,1,2,3
0,1º,0680,20,Peru
1,2º,7169,18,Porco
2,3º,1855,14,Gato
3,4º,1052,13,Galo
4,5º,7763,16,Leão
5,6º,0711,03,Burro
6,7º,6180,20,Peru
7,8º,8655,14,Gato
8,9º,0952,13,Galo
9,10º,5017,05,Cachorro
10,1º,3921,06,Cabra
11,2º,6885,22,Tigre
12,3º,4078,20,Peru
13,4º,1953,14,Gato
14,5º,6393,24,Veado
15,6º,3641,11,Cavalo
16,7º,9809,03,Burro
17,8º,2875,19,Pavão
18,9º,1583,21,Touro
19,10º,1138,10,Coelho
20,1º,5449,13,Galo
21,2º,2618,05,Cachorro
22,3º,0987,22,Tigre
23,4º,8722,06,Cabra
24,5º,6082,21,Touro
25,6º,5208,02,Águia
26,7º,4697,25,Vaca
27,8º,4182,21,Touro
28,9º,9872,18,Porco
29,10º,7817,05,Cachorro
30,1º,3003,01,Avestruz
31,2º,4724,06,Cabra
32,3º,0358,15,Jacaré
33,4º,6716,04,Borboleta
34,5º,0984,21,Touro
35,6º,3406,02,Águia
36,7º,0737,10,Coelho
37,8º,0251,13,Galo
38,9º,3486,22,Tigre
39,10º,3665,17,Macaco
40,1º,3974,19,Pavão
41,2º,3797,25,Vaca
42,3º,9674,19,Pavão
43,4º,1977,20,Peru
44,5º,3671,18,Porco
45,6º,3391,23,Urso
46,7º,9769,18,Porco
47,8º,7977,20,Peru
48,9º,4747,12,Elefante
49,10º,8977,20,Peru
50,1º,0607,02,Águia
51,2º,4411,03,Burro
52,3º,8281,21,Touro
53,4º,2021,06,Cabra
54,5º,5099,25,Vaca
55,6º,0482,21,Touro
56,7º,6420,05,Cachorro
57,8º,0182,21,Touro
58,9º,7111,03,Burro
59,10º,4614,04,Borboleta
,0,1,2,3
0,1º,7034,09,Cobra
1,2º,4791,23,Urso
2,3º,1794,24,Veado
3,4º,2093,24,Veado
4,5º,6596,24,Veado
5,6º,7412,03,Burro
6,7º,0770,18,Porco
7,8º,3999,25,Vaca
8,9º,4143,11,Cavalo
9,10º,8632,08,Camelo
10,1º,8678,20,Peru
11,2º,3853,14,Gato
12,3º,2561,16,Leão
13,4º,7311,03,Burro
14,5º,5800,25,Vaca
15,6º,8327,07,Carneiro
16,7º,6853,14,Gato
17,8º,7561,16,Leão
18,9º,8311,03,Burro
19,10º,9255,14,Gato
20,1º,7560,15,Jacaré
21,2º,3032,08,Camelo
22,3º,9878,20,Peru
23,4º,0214,04,Borboleta
24,5º,9008,02,Águia
25,6º,7390,23,Urso
26,7º,5082,21,Touro
27,8º,6371,18,Porco
28,9º,0284,21,Touro
29,10º,8819,05,Cachorro
,0,1,2,3
0,1º,2177,20,Peru
1,2º,7947,12,Elefante
2,3º,1826,07,Carneiro
3,4º,0262,16,Leão
4,5º,8385,22,Tigre
5,6º,2710,03,Burro
6,7º,1982,21,Touro
7,8º,7426,07,Carneiro
8,9º,7762,16,Leão
9,10º,0477,20,Peru
10,1º,8104,01,Avestruz
11,2º,4495,24,Veado
12,3º,9996,24,Veado
13,4º,1384,21,Touro
14,5º,3382,21,Touro
15,6º,8491,23,Urso
16,7º,1493,24,Veado
17,8º,0998,25,Vaca
18,9º,4564,16,Leão
19,10º,2907,02,Águia
20,1º,7132,08,Camelo
21,2º,9043,11,Cavalo
22,3º,7823,06,Cabra
23,4º,1492,23,Urso
24,5º,7146,12,Elefante
25,6º,7971,18,Porco
26,7º,1084,21,Touro
27,8º,3429,08,Camelo
28,9º,2332,08,Camelo
29,10º,7452,13,Galo
30,1º,2468,17,Macaco
31,2º,6642,11,Cavalo
32,3º,9638,10,Coelho
33,4º,4572,18,Porco
34,5º,0031,08,Camelo
35,6º,2694,24,Veado
36,7º,4665,17,Macaco
37,8º,6437,10,Coelho
38,9º,8282,21,Touro
39,10º,5429,08,Camelo
40,1º,1726,07,Carneiro
41,2º,4302,01,Avestruz
42,3º,4457,15,Jacaré
43,4º,2302,01,Avestruz
44,5º,6413,04,Borboleta
45,6º,1442,11,Cavalo
46,7º,7343,11,Cavalo
47,8º,2050,13,Galo
48,9º,6272,18,Porco
49,10º,6307,02,Águia
50,1º,2689,23,Urso
51,2º,4851,13,Galo
52,3º,2051,13,Galo
53,4º,2056,14,Gato
54,5º,5597,25,Vaca
55,6º,2422,06,Cabra
56,7º,6800,25,Vaca
57,8º,8555,14,Gato
58,9º,9116,04,Borboleta
59,10º,4137,10,Coelho
